ReleveAnnee,ReleveMois,NoOrdre,TitreRMC,AdopCSRegleVote,AdopCSAbs,AdoptCSContre,NoCELEX,ProposAnnee,ProposChrono,ProposOrigine,NoUniqueAnnee,NoUniqueType,NoUniqueChrono,ProposSplittee,Suite2eLecturePE,"Council PATH",Notes
2001,1,1,"Council Directive amending the sixth Directive (77/388/EEC) on the common system of value added tax, with regard to the length of time during which the minimum standard rate is to be applied",U,,,32001L0004,2000,537,COM,2000,CNS,223,,,,
2001,1,2,"Council Decision on guidelines for Member States' employment policies for the year 2001",V,,,32001D0063,2000,548,COM,2000,CNS,225,,,,
2001,1,3,"European Parliament and Council Directive amending Directive 95/2/EC on food additives other than colours and sweeteners",V,"FR, LU",,32001L0005,1999,329,COM,1999,COD,158,,,,
2001,1,4,"Council Regulation amending Regulation (EEC) No 404/93 on the common organisation of the market in bananas",V,,UK,32001R0216,1999,582,COM,1999,CNS,235,,,,
2001,1,5,"Council Regulation amending Regulation (EC) No 2791/1999 laying down certain control measures applicable in the area covered by the Convention on future multilateral cooperation in the north-east Atlantic fisheries",V,,,32001R0215,2000,686,COM,2000,CNS,280,,,,
2001,1,6,"European Parliament and Council Decision extending certain programmes of Community action in the field of public health adopted by Decisions No 645/96/EC, No 646/96/EC, No 647/96/EC, No 102/97/EC, No 1400/97/EC and No 1296/1999/EC and amending those Decisions",V,,,32001D0521,2000,448,COM,2000,COD,192,,,,
2001,2,1,"Directive of the European Parliament and of the Council amending Council Directive 91/68/EC as regards scrapie",V,,,32001L0010,1998,623-2,COM,1998,COD,324,,,,
2001,2,2,"Decision of the European Parliament and of the Council concerning a set of actions relating to the trans-European network for the collection, production and dissemination of statistics on the trading of goods within the Community and between the Community and non-member countries (Edicom)",V,,,32001D0507,2000,458,COM,2000,COD,201,,,,
2001,2,3,"Regulation of the European Parliament and of the Council allowing voluntary participation by organisations in a Community eco-management and audit scheme (EMAS)",V,,,32001R0761,1998,622,COM,1998,COD,303,,,,
2001,2,4,"Proposal for a Directive of the European Parliament and of
the Council on the interoperability of the trans-European
conventional railway system (13.2.2001)",V,,,32001L0016,1999,617-2,COM,1999,COD,252,,,,"URL :PRE-LEX PATH:http://ec.europa.eu/prelex/detail_dossier_real.cfm?CL=en&DosId=152725/ ŒIL PATH:http://www.europarl.europa.eu/oeil/popups/ficheprocedure.do?lang=en&reference=1999/0252%28COD%29/ CELEX PATH:http://eur-lex.europa.eu/LexUriServ/LexUriServ.do?uri=CELEX:32001L0016:EN:NOT. 617 as indicated in OEIL and CELEX Documents is wrong. 617-2 as indicated in PRe-lex document is right"
2001,2,5,"Council Regulation establishing measures to be applied in 2001 for the recovery of the stock of cod in the Irish Sea (ICES Division VIIa)",V,,,32001R0300,2000,745,COM,2000,CNS,292,,,,
2001,2,6,"Directive of the European Parliament and of the Council on the deliberate release into the environment of genetically modified organisms and repealing Council Directive 90/220/EEC",V,"FR, IT",,32001L0018,1998,85,COM,1998,COD,72,,,,
2001,2,7,"Directive of the European Parliament and of the Council on
the reorganisation and winding up of insurance undertakings
(15.2.2001)",V,,,32001L0017,1986,768,COM,1986,COD,80,,,,"ŒIL PATH: http://www.europarl.europa.eu/oeil/popups/ficheprocedure.do?reference=1986/0080%28COD%29&l=en/ PRE-LEX PATH:http://ec.europa.eu/prelex/detail_dossier_real.cfm?CL=en&DosId=11753/ CELEXPATH:http://eur-lex.europa.eu/LexUriServ/LexUriServ.do?uri=CELEX:32001L0017:EN:NOT"
2001,2,8,"Directive of the European Parliament and of the Council
amending Council Directives 89/48/EEC and 92/51/EEC on the general system for the recognition of professional qualifications and Council Directives 77/452/EEC, 77/453/EEC, 78/686/EEC, 78/687/EEC, 78/1026/EEC, 78/1027/EEC, 80/154/EEC, 80/155/EEC, 85/384/EEC, 85/432/EEC, 85/433/EEC and 93/16/EEC concerning the professions of nurse responsible for general care, dental practitioner, veterinary surgeon, midwife, architect, pharmacist and doctor",V,,,32001L0019,1997,638,COM,1997,COD,345,,,,
2001,2,9,"Directive of the European Parliament and of the Council on
the approximation of the laws, regulations and administrative
provisions of the Member States relating to the
implementation of good clinical practice in the conduct of
clinical trials on medicinal products for human use",V,,NL,32001L0020,1997,639,COM,1997,COD,197,,,,
2001,3,1,"Council Decision supplementing Directive 90/219/EEC as
regards the criteria for establishing the safety, for human
health and the environment, of types of genetically modified
micro-organisms",V,,,32001D0204,2000,627,COM,NULL,CS,NULL,,,,
2001,3,2,"Council Decision concerning reduced rates of excise duty and exemptions from such duty on certain mineral oils when used for specific purposes",U,,,32001D0224,2000,678,COM,NULL,CS,NULL,,,,
2001,3,3,"Council Decision authorising the Federal Republic of
Germany to apply a differentiated rate of excise duty to
certain mineral oils, when used for specific purposes, in
accordance with the procedure provided for in Article 8(4) of Directive 92/81/EEC",U,,,32001D0225,2000,397,COM,NULL,CS,NULL,,,,
2001,3,4,"Council Decision authorising the Italian Republic to apply a reduced rate of excise duty to certain mineral oils, when used for specific purposes, in accordance with the procedure provided for in Article 8(4) of Directive 92/81/EEC",U,,,32001D0226,2000,614,COM,NULL,CS,NULL,,,,
2001,3,5,"Council Decision authorising the French Republic to apply a differentiated rate of excise duty to certain mineral oils, when used for specific purposes, in accordance with the procedure provided for in Article 8(4) of Directive 92/81/EEC",U,,,32001D0227,2000,647,COM,NULL,CS,NULL,,,,
2001,3,6,"Council Decision authorising the Netherlands, in accordance with Article8(4) of Directive 92/81/EEC, to apply a differentiated rate of excise duty to diesel consumed by taxis in 2000",U,,,32001D0228,2000,852,COM,NULL,CS,NULL,,,,"No Prelex document relating to COM (200)852 in English"
2001,3,7,"Council Decision authorising the Netherlands, in accordance with Article8(4) of Directive 92/81/EEC, to apply a differentiated rate of excise duty to low-sulphur diesel",U,,,32001D0229,2000,853,COM,NULL,CS,NULL,,,,
2001,3,8,"Directive of the European Parliament and of the Council on the reorganisation and winding up of credit institutions",V,,FR,32001L0024,1985,788,COM,1985,COD,46,,,,
2001,3,9,"Council Directive on the approximation of the laws of the
Member States relating to the safeguarding of employees' rights in the event of transfers of undertakings, businesses or parts of undertakings or businesses",U,,,32001L0023,2000,259,COM,2000,CNS,108,,,,
2001,3,10,"Directive of the European Parliament and of the Council on the minimum level of training of seafarers",V,,,32001L0025,2000,313,COM,2000,COD,131,,,,
2001,3,11,"Regulation of the European Parliament and of the Council
regarding the closure and liquidation of projects adopted by
the Commission under Regulation (EC)213/96 on the
implementation of the European Communities Investment
Partners Financial Instrument for the countries of
Latin America, Asia, the Mediterranean region and South
Africa (14.03.2001)",V,,,32001R0772,1999,726,COM,2000,COD,34,,,,"PRELEX PATH:http://ec.europa.eu/prelex/detail_dossier_real.cfm?CL=en&DosId=154039/ ŒIL PATH:http://www.europarl.europa.eu/oeil/popups/ficheprocedure.do?lang=en&reference=2000/0034%28COD%29/ CELEXPATH:http://eur-lex.europa.eu/LexUriServ/LexUriServ.do?uri=CELEX:32001R0772:EN:NOT"
2001,3,12,"Council Regulation listing the third countries whose nationals must be in possession of visas when crossing the external borders and those whose nationals are exempt from that requirement",U,ES,,32001R0539,2000,27,COM,2000,CNS,30,,,,
2001,3,13,"Council Decision authorising the Republic of Austria to apply a measure derogating from Article 11 of the Sixth Council Directive (77/388/EEC) on the harmonisation of the laws of the Member States relating to turnover taxes",U,,,32001D0242,2001,42,COM,NULL,CS,NULL,,,,
2001,3,14,"Council Decision amending Article 1 of Decision 1999/81/EC authorising the Kingdom of Spain to apply a measure derogating from Articles 2 and 28a(1) of the Sixth Directive (77/388/EEC) on the harmonisation of the laws of the Member States relating to turnover taxes",U,,,32001D0243,2001,27,COM,NULL,CS,NULL,,,,
2001,3,15,"Council Decision amending Article 1 of Decision 1999/80/EC authorising the Italian Republic to apply a measure derogating from Articles 2 and 10 of the Sixth Directive (77/388/EEC) on the harmonisation of the laws of the Member States relating to turnover taxes",U,,,32001D0244,2000,851,COM,NULL,CS,NULL,,,,
2001,3,16,"Council Regulation extending for a period of up to one year the financing of certain quality and marketing improvement plans approved under Title IIa of Regulation (EEC) No 1035/72",V,,,32001R0558,2000,623,COM,2000,CNS,252,,,,
2001,3,17,"Regulation of the European Parliament and of the Council concerning the distribution of authorisations among Member States received through the Agreements establishing certain conditions for the carriage of goods by road and the promotion of combined transport between the European Community and the Republic of Bulgaria and between the European Community and the Republic of Hungary",V,,,32001R0685,1999,667,COM,1999,COD,264,,,,
2001,4,1,"Directive of the European Parliament and of the Council amending Council Directive 95/50/EC on uniform procedures for checks on the transport of
dangerous goods by road",V,,,32001L0026,2000,106,COM,2000,COD,44,,,,
2001,4,2,"Council Regulation amending Regulation (EC) No 850/98 for the conservation of fishery resources through technical measures for the protection of juveniles of marine organisms",V,,,32001R0724,2000,501,COM,2000,CNS,215,,,,
2001,4,3,"Directive 2001/29/EC of the European Parliament and of the Council on the harmonisation of certain aspects of copyright and related rights in the information society",V,,,32001L0029,1997,628,COM,1997,COD,359,,,,
2001,4,4,"Council Regulation amending Regulation (EEC) No 738/93
amending the transitional measures governing the common organisation of the market in cereals and rice in Portugal as provided for by Regulation (EEC) No 3653/90",U,,,32001R0823,2000,763,COM,2000,CNS,295,,,,
2001,4,5,"Council Regulation opening a Community tariff quota for
barley for malting falling within CN code 1003 00",V,,"ES, FR",32001R0822,2001,102,COM,2001,ACC,51,,,,"According to the English April Summary, the countries 'against' the act are:EN, F; as EN does not exist, we turned to the Summaries in French and in Spanish, which indicate E (the previous abbreviation for Spain, now ES) , not EN"
2001,4,6,"Decision of the European Parliament and of the Council
amending Decision No 1692/96/EC as regards seaports, inland ports and intermodal terminals as well as project No 8 in Annex III",V,,,32001D1346,1997,681,COM,1997,COD,358,,,,
2001,4,7,"Council Regulation reserving to the Council implementing powers with regard to certain detailed provisions and practical procedures for carrying out border checks and surveillance",U,,,32001R0790,2000,15,JAI,2001,CNS,802,,,,
2001,4,8,"Council Regulation reserving to the Council implementing powers with regard to certain detailed provisions and practical procedures for examining visa applications",U,,,32001R0789,2000,7,JAI,2000,CNS,805,,,,
2001,4,9,"Council Decision updating part VI and Annexes 3, 6 and 13 of the Common Consular Instructions and Annexes 5(a), 6(a) and 8 to the Common Manual",U,,,32001D0329,2001,1,JAI,NULL,CS,NULL,,,,
2001,4,10,"Regulation of the European Parliament and of the Council
laying down rules for the prevention, control and eradication
of certain transmissible spongiform encephalopathies
(3.5.2001)",V,,,32001R0999,1998,623-1,COM,1998,COD,323,,,,
2001,5,2,"Directive of the European Parliament and of the Council on the admission of securities to official stock exchange listing and on information to be published on those securities",V,,,32001L0034,2000,126,COM,2000,COD,174,,,,
2001,5,3,"Council Regulation laying down certain technical measures
for the conservation of certain stocks of highly migratory
species",V,,,32001R0973,2000,353,COM,2000,CNS,149,,,,
2001,5,4,"Council Decision on a Community financial contribution
towards certain expenditure to implement certain
management measures on highly migratory fish",V,,,32001D0382,2000,651,COM,2000,CNS,268,,,,
2001,5,5,"Directive of the European Parliament and of the Council on the approximation of the laws, regulations and administrative provisions of the Member States concerning the manufacture, presentation and sale of tobacco products",V,"AT, DE, LU",,32001L0037,1999,594,COM,1999,COD,244,,,,
2001,5,6,"Regulation of the European Parliament and of the Council amending Council Regulations (EEC) No 1408/71 on the application of social security schemes to employed persons, to self-employed persons and to members of their families moving within the Community and (EEC) No 574/72 laying down the procedure for implementing Regulation (EEC) No 1408/71",U,,,32001R1386,2000,186,COM,2000,COD,70,,,,
2001,5,7,"Council Regulation amending Regulation (EEC) No 3911/92on the export of cultural goods",V,,,32001R0974,2000,845,COM,2000,CNS,333,,,,
2001,5,8,"Directive of the European Parliament and of the Council
amending Council Directive 93/7/EEC on the return of
cultural objects unlawfully removed from the territory of a
Member State",V,,,32001L0038,2000,844,COM,2000,COD,332,,,,
2001,5,9,"Directive 2001/41/EC of the European Parliament and of the Council amending, for the twenty-first time, Council Directive 76/769/EEC on the approximation of the laws, regulations and administrative provisions of the Member States relating to restrictions on the marketing and use of certain dangerous substances and preparations, as regards substances classified as carcinogens, mutagens or substances toxic to reproduction",V,,,32001L0041,1999,746,COM,2000,COD,6,,Y,,
2001,5,10,"Council Regulation authorising the offer and delivery for
direct human consumption of certain imported wines which
may have undergone oenological processes not provided for in Regulation (EC) No 1493/1999",V,,,32001R1037,2001,138,COM,NULL,CS,NULL,,,,
2001,5,11,"Council Regulation adjusting, for the sixth time, the
system of aid for cotton introduced by Protocol 4 annexed
to the Act of Accession of Greece",V,,,32001R1050,1999,492-1,COM,1999,CNS,201,,,,
2001,5,12,"Council Regulation on production aid for cotton ",V,,,32001R1051,1999,492-2,COM,1999,CNS,202,,,,
2001,5,13,"Council Regulation amending Regulation (EC) No 1251/1999 establishing a support system for producers of certain arable crops",V,IT,FR,32001R1038,2001,87-2,COM,2001,CNS,43,,,,
2001,5,14,"Council Regulation establishing a catch documentation
scheme for Dissostichus spp.",V,,,"32001R1035 ",2000,383,COM,2000,CNS,171,,,,
2001,5,15,"Council Decision on the granting of exceptional national aid by the Portuguese Government for the distillation of certain wine sector products",U,,,32001D0428,2001,NULL,EM,NULL,CS,NULL,,,,"Il n'y a pas de fiche Prelex, la date pour AdoptionProposOrigine est: 2001-04-06, conformément à la date de la demande de l'EM (Portugal) qui figure sur le texte de l'acte tel qu'il est publié au JO et reproduit sur la fiche Celex"
2001,5,16,"Council Decision on a financial contribution by the
Community to certain expenditure incurred by the Member
States in implementing the control, inspection and
surveillance systems applicable to the common fisheries
policy",V,,DE,"32001D0431 ",2000,684,COM,2000,CNS,273,,,,
2001,5,17,"Regulation of the European Parliament and of the Council regarding public access to European Parliament, Council and Commission documents",V,,,32001R1049,2000,30,COM,2000,COD,32,,,,
2001,5,18,"Council Directive on the mutual recognition of decisions on
the expulsion of third-country nationals",U,,,"32001L0040 ",2000,18,JAI,2000,CNS,819,,,,
2001,5,19,"Council Regulation on freedom of movement with a long-stay visa",U,,,32001R1091,2000,5,JAI,2000,CNS,810,,,,
2001,5,20,"Council Framework Decision combating fraud and
counterfeiting of non-cash means of payment",U,,,32001F0413,1999,438,COM,1999,CNS,190,,,,
2001,5,21,"Decision on the transmission of samples of controlled
substances",U,,,"32001D0419 ",2000,28,JAI,2000,CNS,826,,,,
2001,5,22,"Council Decision establishing a European Judicial Network in civil and commercial matters",U,,,"32001D0470 ",2000,592,COM,2000,CNS,240,,,,
2001,5,23,"Council Regulation on cooperation between the courts of the Member States in the taking of evidence in civil or commercial matters",U,,,32001R1206,2000,23,JAI,2000,CNS,823,,,,
2001,5,24,"Council Regulation extending the period of application of Regulation (EEC) No 3621/92 temporarily suspending the autonomous Common Customs Tariff duties on imports of certain fishery products into the Canary Islands and Regulation (EC) No 527/96 temporarily suspending the autonomous Common Customs Tariff duties and progressively introducing the Common Customs Tariff duties on imports of certain industrial products into the Canary Islands",V,,,"32001R1106 ",2000,858,COM,NULL,CS,NULL,,,,
2001,5,25,"Council Regulation amending Regulation (EEC) No 1911/91
on the application of the provisions of Community law to the
Canary Islands",U,,,"32001R1105 ",2001,76,COM,2001,CNS,38,,,,
2001,5,26,"Directive of the European Parliament and of the Council amending Directives 78/660/EEC, 83/349/EEC and 86/635/EEC as regards the valuation rules for the annual and consolidated accounts of certain types of companies as well as of banks and other financial institutions",V,,,"32001L0065 ",2000,80,COM,2000,COD,43,,,,
2001,6,1,"Council Decision authorising the Kingdom of Belgium, in
accordance with Article 8(4) of Directive 92/81/EEC, to
apply a differentiated rate of excise duty to low-sulphur diesel and unleaded petrol",U,,,32001D0439,2001,223,COM,NULL,CS,NULL,,,,
2001,6,2,"Council Regulation amending Regulation (EEC) No 3677/90 laying down measures to be taken to discourage the diversion of certain substances to the illicit manufacture of narcotic drugs and psychotropic substances",V,,,32001R1116,2001,44,COM,2001,ACC,34,,,,
2001,6,3,"Directive of the European Parliament and of the Council
amending Council Directive 92/23/EEC relating to tyres for
motor vehicles and their trailers and to their fitting",V,,,"32001L0043 ",1997,680,COM,1997,COD,348,,,,
2001,6,4,"Directive of the European Parliament and of the Council on the assessment of the effects of certain plans and programmes on the environment",V,,,32001L0042,1996,511,COM,1996,COD,304,,,,
2001,6,5,"Council Regulation amending Regulation (EC) No 2505/96 opening and providing for the administration of autonomous Community tariff quotas for certain agricultural and industrial products",V,,IT,"32001R1142 ",2001,228,COM,NULL,CS,NULL,,,,
2001,6,6,"Council Regulation amending Regulation (EC) No 1255/96
temporarily suspending the autonomous common customs
tariff duties on certain industrial, agricultural and fishery
products",V,,,"32001R1159 ",2001,227,COM,NULL,CS,NULL,,,,
2001,6,7,"Council Regulation on procedures to facilitate the issue of
movement certificates EUR.1, the making-out of invoice
declarations and forms EUR.2 and the issue of certain
approved exporter authorisations under the provisions
governing preferential trade between the European
Community and certain countries and repealing Regulation
No 3351/83",V,ES,,32001R1207,2000,536,COM,2000,ACC,232,,,,
2001,6,8,"Regulation of the European Parliament and of the Council
amending Council Regulation (EEC) No 3528/86 on the
protection of the Community's forests against atmospheric
pollution (13.06.2001)",V,,,32001R1484,1999,379-1,COM,1999,COD,159,,Y,,
2001,6,9,"Directive of the European Parliament and of the Council amending Council Directive 89/655/EEC concerning the minimum safety and health requirements for the use of work equipment by workers at work (14.06.2001)",V,,,"32001L0045 ",1998,678,COM,1998,COD,327,,Y,,
2001,6,10,"Council Directive amending Directive 76/308/EEC on mutual assistance for the recovery of claims resulting from operations forming part of the system of financing the European Agricultural Guidance and Guarantee Fund, and of agricultural levies and customs duties and in respect of value added tax and certain excise duties",U,,,32001L0044,1998,364-2,COM,1998,CNS,206,,,,
2001,6,11,"Decision of the European Parliament and of the Council on a Community Framework for cooperation to promote
sustainable urban development",V,DE,,32001D1411,1999,557,COM,1999,COD,233,,,,
2001,6,12,"Council Regulation derogating from certain provisions of Regulation (EC) No 2792/1999 laying down the detailed rules and arrangements regarding Community structural assistance in the fisheries sector.",V,,,32001R1227,2001,62,COM,2001,CNS,35,,,,
2001,6,13,"Council Regulation on the common organisation of the
markets in the sugar sector",V,,,"32001R1260 ",2000,604,COM,2000,CNS,250,,,,
2001,6,14,"Council Regulation amending Regulation (EC) No 2201/96 on the common organisation of the markets in processed fruit and vegetable products",V,,,"32001R1239 ",2001,111,COM,2001,CNS,52,,,,
2001,6,15,"Council Decision on the granting of exceptional national aid by the Government of the French Republic for the distillation of certain wine sector products",U,,,32001D0477,2001,NULL,EM,NULL,CS,NULL,,,,"Il n'y a pas de fiche Prelex, la date pour AdoptionProposOrigine est: 2001-04-20, conformément à la date de la demande de l'EM (France) qui figure sur le texte de l'acte tel qu'il est publié au JO et reproduit sur la fiche Celex"
2001,6,16,"Directive of the European Parliament and of the Council
amending Council Directive 95/53/EC fixing the principles
governing the organisation of official inspections in the field
of animal nutrition and Directives 70/524/EEC, 96/25/EC and
1999/29/EC on animal nutrition",V,,,32001L0046,2000,162,COM,2000,COD,68,,,,
2001,6,17,"Directive of the European Parliament and of the Council
relating to heating systems for motor vehicles and their
trailers, amending Council Directive 70/176/EEC and
repealing Council Directive 78/548/EEC",V,,,32001L0056,1998,526,COM,1998,COD,277,,,,
2001,6,18,"Council Framework Decision on money laundering, the
identification, tracing, freezing, seizing and confiscation of
instrumentalities and the proceeds of crime",U,,,"32001F0500 ",2000,20,JAI,2000,CNS,814,,,,
2001,6,19,"Council Regulation supplementing the Annex to Commission
Regulation (EC) No 1107/96 on the registration of
geographical indications and designations
of origin under the procedure laid down in Article 17 of
Council Regulation (EEC) No 2081/92",V,AT,"DK, FI, SE",32001R1347,2001,266,COM,NULL,CS,NULL,,,,"Pas de numéro CELEX sur PRELEX"
2001,6,20,"Council Decision establishing a second phase of the programme of incentives and exchanges, training and cooperation for legal practitioners (Grotius II - Criminal)",U,,,32001D0512,2000,828-1,COM,2000,CNS,339,,,,
2001,6,21,"Council Decision establishing a second phase of the programme of incentives, exchanges, training and cooperation for law enforcement authorities (Oisin II)",U,,,32001D0513,2000,828-2,COM,2000,CNS,340,,,,
2001,6,22,"Council Decision establishing a second phase of the programme of incentives, exchanges, training and cooperation for persons responsible for combating trade in human beings and the sexual exploitation of children (Stop II)",U,,,32001D0514,2000,828-3,COM,2000,CNS,341,,,,
2001,6,23,"Council Decision establishing a programme of incentives and exchanges, training and cooperation for the prevention of crime (Hippokrates)",U,,,32001D0515,2000,786-2,COM,2000,CNS,304,,,,
2001,6,24,"Council Directive supplementing the provisions of Article 26 of the Convention implementing the Schengen Agreement of 14 June 1985",U,,,"32001L0051 ",2000,16,JAI,2000,CNS,822,,,,
2001,6,25,"Council Regulation amending Regulation (EC)
No 1260/1999 laying down general provisions on the
Structural Funds",U,,,32001R1447,2000,774-1,COM,2000,AVC,306,,,,
2001,6,26,"Council Regulation amending, as regards structural
measures, Regulation (EEC) No 3763/91 introducing
specific measures in respect of certain agricultural
products for the benefit of the French overseas
departments",V,,,32001R1448,2000,774-2,COM,2000,CNS,307,,,,
2001,6,27,"Council Regulation amending Regulation (EEC)
No 1600/92 concerning specific measures for the Azores and Madeira relating to certain agricultural products as regards the structural measures",V,,,"32001R1449 ",2000,774-3,COM,2000,CNS,308,,,,
2001,6,28,"Council Regulation amending Regulation (EEC)
No 1601/92 concerning specific measures for the Canary Islands with regard to certain agricultural products as regards the structural measures",V,,,32001R1450,2000,774-4,COM,2000,CNS,309,,,,
2001,6,29,"Council Regulation amending Regulation (EC)
No 2792/1999 laying down the detailed rules and
arrangements regarding Community structural assistance
in the fisheries sector",V,,,32001R1451,2000,774-5,COM,2000,CNS,310,,,,"ProposChrono on Celex document is wrong (774). 774-5 as indicated on Pre-lex and OEIL documents is correct"
2001,6,30,"Council Regulation introducing specific measures for
certain agricultural products for the French overseas
departments, amending Directive 72/462/EEC and
repealing Regulations (EEC) No 525/77 and (EEC) No
3763/91 (POSEIDOM)",V,,,32001R1452,2000,791-1,COM,2000,CNS,313,,,,
2001,6,31,"Council Regulation introducing specific measures for
certain agricultural products for the Azores and Madeira
and repealing Regulation (EC) No 1600/92 (POSEIMA)",V,,,32001R1453,2000,791-2,COM,2000,CNS,314,,,,
2001,6,32,"Council Regulation introducing specific measures for
certain agricultural products for the Canary Islands and
repealing Regulation (EEC) No 1601/92 (POSEICAN)",V,,,32001R1454,2000,791-3,COM,2000,CNS,316,,,,
2001,6,33,"Council Regulation amending Regulation (EC)
No 1254/1999 on the common organisation of the market
in beef and veal",V,,,"32001R1455 ",2000,791-4,COM,2000,CNS,317,,,,
2001,6,34,"Council Regulation laying down measures necessary for the protection of the euro against counterfeiting",U,,,32001R1338,2000,492,COM,2000,CNS,208,Y,,,
2001,6,35,"Council Regulation extending the effects of the Regulation
laying down measures necessary for the protection of the euro against counterfeiting to those Member States which have not adopted the euro as their single currency",U,,,"32001R1339 ",2000,492,COM,2000,CNS,208,Y,,,
2001,7,1,"Regulation of the European Parliament and of the Council
concerning action against anti-personnel landmines in
developing countries (4.7.2001)",V,,,32001R1724,2000,111-2,COM,2000,COD,62,Y,Y,,"There is a mistake on the Prelex document: on 23-07-2001, the Council formally approves the act resulting from the other part of the splitted proposal and adopted under the consultation procedure, not this act adopted under the codecision procedure"
2001,7,2,"Regulation of the European Parliament and of the Council
amending Article 21 of Council Regulation (EC) No 1292/96
on food-aid policy and food-aid management and special
operations in support of food security",V,,,32001R1726,2001,1,COM,2001,COD,5,,,,
2001,7,3,"Council Decision providing macro-financial assistance to the Federal Republic of Yugoslavia",U,,,32001D0549,2001,277,COM,2001,CNS,112,,,,
2001,7,4,"Council Regulation amending Regulation (EC) No 2549/2000 establishing additional technical measures for the recovery of the stock of cod in the Irish Sea (ICES Division VIIa)",V,,,32001R1456,2001,165,COM,2001,CNS,83,,,,
2001,7,5,"Directive of the European Parliament and of the Council on
the resale right for the benefit of the author of an original
work of art",V,,,"32001L0084 ",1996,97,COM,1996,COD,85,,,,
2001,7,6,"Council Directive on minimum standards for giving temporary protection in the event of a mass influx of displaced persons and on measures promoting a balance of effort between Member States in receiving such persons and bearing the consequences thereof",U,,,32001L0055,2000,303,COM,2000,CNS,127,,,,
2001,7,7,"Corrigendum to Council Regulation (EC) No 1116/2001 of 5 June 2001 amending Regulation (EEC) No 3677/90 laying down measures to be taken to discourage the diversion of certain substances to the illicit manufacture of narcotic drugs and psychotropic substances (OJ L 153 of 8.6.2001)",V,,,32001R1116R(01),2001,10567,CONS,,CS,,,,,"Il n'y a pas de fiche Prelex, la date pour AdoptionProposOrigine est: 2001-07-04, conformément à la date figurant sur le document du registre du Conseil, http://register.consilium.europa.eu/pdf/en/01/st10/st10567.en01.pdf"
2001,7,8,"Council Regulation amending Regulation (EC) No 1254/1999 on the common organisation of the market in beef and veal",V,,,"32001R1512 ",2001,87-1,COM,2001,CNS,42,,,,
2001,7,9,"Council Regulation amending Regulations No 136/66/EEC and (EC) No 1638/98 as regards the extension of the period of validity of the aid scheme and the quality strategy for olive oil",V,,,32001R1513,2000,855-2,COM,2000,CNS,358,,,,
2001,7,10,"Council Regulation amending Regulation (EEC) No 1696/71
on the common organisation of the market in hops",V,,,32001R1514,2000,834,COM,2000,CNS,330,,,,
2001,7,11,"Council Decision amending Decision 90/424/EEC on
expenditure in the veterinary field",V,,SE,32001D0572,2001,37,COM,NULL,CS,NULL,,,,
2001,7,12,"Council Decision amending Commission
Decision 2000/532/EC as regards the list of wastes",V,,,32001D0573,2001,216,COM,NULL,CS,NULL,,,,
2001,7,13,"Council Regulation concerning action against anti-personnel
landmines in third countries other than developing countries",U,,,32001R1725,2000,111-2,COM,2000,CNS,62,Y,,,
2001,7,14,"Regulation of the European Parliament and of the Council
amending Council Regulation (EC) No 2223/96 as concerns
the use of ESA 95 in the determination of Member States'
payments to the VAT-based own resource (12.12.2001)",V,,,"32002R0359 ",2000,583,COM,2000,COD,241,,Y,,
2001,8,1,"Proposal for a Council Directive amending
Directives 66/401/EEC and 66/402/EEC on the marketing of
fodder plant seed and cereal seed",V,,,32001L0064,2001,186,COM,2001,CNS,89,,,,"The August Summary indicates 'Proposal for a Council Directive….' but this is a mistake"
2001,8,2,"Regulation of the European Parliament and of the Council on the accelerated phasing-in of double hull or equivalent design requirements for single hull oil tankers and repealing Council Regulation (EC) No 2978/94 (13.12.2001)",V,,,32002R0417,2000,142-4,COM,2000,COD,67,,Y,,
2001,9,1,"Directive of the European Parliament and of the Council on the promotion of electricity produced from renewable energy sources in the internal electricity market",V,,,"32001L0077 ",2000,279,COM,2000,COD,116,,,,"ProcedureEcrite = Y"
2001,9,2,"Council Decision authorising Denmark, in accordance with
the procedure provided for in Article 8(4) of Directive 92/81/EEC, to apply a differentiated rate of excise duty to petrol distributed by petrol stations meeting certain standards of equipment and operation",U,,,"32001D0710 ",2000,261,COM,NULL,CS,NULL,,,,
2001,9,3,"Directive of the European Parliament and of the Council on
the Community code relating to veterinary medicinal products",V,,,32001L0082,1999,213,COM,1999,COD,180,,,,
2001,9,4,"Directive of the European Parliament and of the Council on
the Community code relating to medicinal products for
human use",V,,,32001L0083,1999,315,COM,1999,COD,134,,,,
2001,9,5,"Directive of the European Parliament and of the Council on
national emission ceilings for certain atmospheric pollutants",V,"FR, IT",,32001L0081,1999,125-1,COM,1999,COD,67,,,,
2001,9,6,"Directive of the European Parliament and of the Council on the limitation of emissions of certain pollutants into the air from large combustion plants",V,,,32001L0080,1998,415,COM,1999,COD,225,,,,
2001,9,7,"Council Regulation laying down control measures applicable to fishing for certain stocks of highly migratory fish",V,,,32001R1936,2000,619,COM,2000,CNS,253,,,,
2001,9,8,"Directive of the European Parliamant and of the Council on
general product safety",V,,,32001L0095,2000,139,COM,2000,COD,73,,,,
2001,10,1,"Regulation of the European Parliament and of the Council on
a Community Energy Efficiency Labelling Programme for
Office and Communication Technology Equipment
(3.10.2001)",V,,,32001R2422,2000,18,COM,2000,COD,33,,Y,,
2001,10,2,"Decision of the European Parliament and of the Council
establishing the list of priority substances in the field of water policy and amending Directive 2000/60/EC",V,,,"32001D2455 ",2000,47,COM,2000,COD,35,,,,
2001,10,3,"Directive of the European Parliament and of the Council
relating to special provisions for vehicles used for the carriage of passengers comprising more than eight seats in addition to the driver's seat, and amending Directives 70/156/EEC and 97/27/EC",V,,,32001L0085,1997,276,COM,1997,COD,176,,,,
2001,10,4,"Council Regulation amending Regulation (EC) No3072/95 on
the common organisation of the market in rice",V,,,"32001R1987 ",2001,169,COM,2001,CNS,85,,,,
2001,10,5,"Council Directive supplementing the Statute for a
European Company with regard to the involvement of
employees",U,,,"32001L0086 ",1989,268-2,COM,1989,COD,219,,,,
2001,10,6,"Council Regulation on the Statute for a European
Company (SE)",U,,,32001R2157,1989,268-1,COM,1989,COD,218,,,,
2001,10,7,"Regulation of the European Parliament and the Council on
operations to aid uprooted people in Asian and Latin
American developing countries",V,,,32001R2130,2000,831,COM,2000,COD,338,,,,
2001,10,8,"Council Decision authorising the Federal Republic of
Germany to conclude with the Republic of Poland an
agreement containing measures derogating from Articles 2
and 3 of the Sixth Directive 77/388/EEC on the
harmonisation of the laws of the Member States relating to
turnover taxes",U,,,32001D0741,2001,187,COM,NULL,CS,NULL,,,,
2001,10,9,"Council Decision authorising the Federal Republic of
Germany to conclude with the Czech Republic an agreement containing measures derogating from Articles 2 and 3 of the Sixth Directive 77/388/EEC on the harmonisation of the laws of the MemberStates relating to turnover taxes",U,,,32001D0742,2001,185,COM,NULL,CS,NULL,,,,
2001,10,10,"Council Regulation amending Regulation (EC) No723/97 on the implementation of Member States' action programmes on control of EAGGF Guarantee Section expenditure",V,UK,DE,32001R2136,2001,308-1,COM,2001,CNS,130,,,,
2001,10,11,"Council Directive amending Directive 91/630/EEC laying
down minimum standards for the protection of pigs",V,PT,ES,32001L0088,2001,20-2,COM,2001,CNS,21,,,,
2001,10,12,"Council Directive on Community measures for the control of
classical swine fever",V,"DE, AT",,"32001L0089 ",2000,462,COM,2000,CNS,214,,,,
2001,10,13,"Council Decision establishing a Community mechanism to facilitate reinforced cooperation in Civil Protection assistance interventions",U,,,"32001D0792 ",2000,593,COM,2000,CNS,248,,,,
2001,10,14,"Directive of the European Parliament and of the Council
establishing requirements and harmonised procedures for the safe loading and unloading of bulk carriers (25.10.2001)",V,,,32001L0096,2000,179,COM,2000,COD,121,,Y,,
2001,11,1,"Council Decision authorising the Kingdom of Spain to apply
a measure derogating from Article 11 of the Sixth Directive
77/388/EEC on the harmonisation of the laws of Member
States relating to turnover taxes",U,,,"32001D0865 ",2001,238,COM,NULL,CS,NULL,,,,
2001,11,2,"Regulation of the European Parliament and of the Council
amending Council Regulation (EC) No 2223/96 as regards the reclassification of settlements under swaps arrangements and under forward rate agreements",V,,,"32001R2558 ",1999,749,COM,2000,COD,19,,,,
2001,11,3,"Directive 2001/100/EC of the European Parliament and of the
Council amending Council Directive70/220/EEC on the
approximation of the laws of the Member States on measures
to be taken against air pollution by emissions from motor
vehicles (14.11.2001)",V,,,"32001L0100 ",2000,487,COM,2000,COD,211,,Y,,
2001,11,4,"Directive of the European Parliament and of the Council
amending Council Directive 91/308/EEC on prevention of the
use of the financial system for the purpose of money
laundering",V,,,32001L0097,1999,352,COM,1999,COD,152,,,,
2001,11,5,"Council Regulation amending Regulation (EEC) No 2262/84
laying down special measures in respect of olive oil",V,,"DK, DE, SE",32001R2292,2001,455,COM,2001,CNS,181,,,,
2001,11,6,"Decision of the European Parliament and of the Council establishing a programme of Community action to encourage cooperation between Member States to combat social exclusion",V,,,"32002D0050 ",2000,368,COM,2000,COD,157,,,,
2001,11,7,"Council Directive amending Directive 1999/29/EC on the
undesirable substances and products in animal nutrition",V,DE,,"32001L0102 ",2001,493,COM,NULL,CS,NULL,,,,
2001,11,8,"Council Regulation amending Commission Regulation (EC)
No 466/2001 setting maximum levels for certain
contaminants in foodstuffs",V,DE,DK,32001R2375,2001,495,COM,NULL,CS,NULL,,,,
2001,11,9,"Directive 2001/109/EC of the European Parliament and of the Council concerning the statistical surveys to be carried out by the Member States in order to determine the production potential of plantations of certain species of fruit trees (11.12.2001)",V,,,"32001L0109 ",2000,753,COM,2000,COD,291,,Y,,
2001,12,1,"Council Regulation amending Regulation (EC) No 2848/2000 fixing for 2001 the fishing opportunities and associated conditions for certain fish stocks and groups of fish stocks, applicable in Community waters and, for Community vessels, in waters where limitations in catch are required",V,,,32001R2425,2001,614,COM,NULL,CS,NULL,,,,
2001,12,2,"Directive of the European Parliament and of the Council
amending Council Directive 93/42/EEC concerning medical
devices",V,,,"32001L0104 ",2001,480,COM,2001,COD,186,,,,
2001,12,3,"Council Decision on the European Year of Disabled People
2003",U,,,"32001D0903 ",2001,271,COM,2001,CNS,116,,,,
2001,12,4,"Council Decision authorising Ireland to apply a differentiated rate of excise duty to low-sulphur diesel in accordance with the procedure provided for in Article 8(4) of Directive 92/81/EEC",U,,,"32002D0023 ",2001,563,COM,NULL,CS,NULL,,,,
2001,12,5,"Directive of the European Parliament and of the Council
amending Directive 85/611/EEC on the coordination of laws,
regulations and administrative provisions relating to
undertakings for collective investment in transferable
securities (UCITS) with a view to regulating management
companies and simplified prospectuses",V,DK,,"32001L0107 ",1998,451,COM,1998,COD,242,,,,
2001,12,6,"Directive of the European Parliament and of the Council
amending directive 85/611/EEC on the coordination of laws,
regulations and administrative provisions relating to
undertakings for collective investment in transferable
securities (UCITS), with regard to investments of UCITS",V,DK,,32001L0108,1998,449,COM,1998,COD,243,,,,"According to the Council minutes (http://register.consilium.europa.eu/pdf/en/01/st14/st14799-ad01.en01.pdf), DK abstained regarding both directives on UCITS (32001L0107 et 108), this is less clear in the December Summary"
2001,12,7,"Directive of the European Parliament and of the Council
amending Directive 95/21/EC concerning the enforcement, in respect of shipping using Community ports and sailing in the waters under the jurisdiction of the Member States, of
international standards for ship safety, pollution prevention and shipboard living and working conditions (port State control)",V,,,32001L0106,2000,142-2,COM,2000,COD,65,,,,
2001,12,8,"Directive of the European Parliament and of the Council amending Council Directive 94/57/EC on common rules and standards for ship inspection and survey organisations and for the relevant activities of maritime administrations",V,,,32001L0105,2000,142-3,COM,2000,COD,66,,,,
2001,12,9,"Council Regulation amending Regulation (EEC) No 2658/87 as regards suspension on an autonomous basis of the common customs tariff duties on certain industrial products",V,,,"32001R2499 ",2001,587,COM,NULL,CS,NULL,,,,
2001,12,10,"Decision of the European Parliament and of the Council
concerning the Community contribution to the Global Fund to fight HIV/AIDS, tuberculosis and malaria",V,,,32002D0036,2001,612,COM,2001,COD,251,,,,
2001,12,11,"Directive of the European Parliament and of the Council on
reporting formalities for ships arriving in and/or departing
from ports of the Member States of the Community",V,,,"32002L0006 ",2001,46,COM,2001,COD,26,,,,
2001,12,12,"Council Regulation on the development of the second
generation Schengen Information System (SIS II)",U,,,"32001R2424 ",2001,6,JAI,2001,CNS,818,,,,
2001,12,13,"Council Decision on the development of the second
generation Schengen Information System (SIS II)",U,,,32001D0886,2001,7,JAI,2001,CNS,819,,,,
2001,12,14,"Council Decision on the protection of the euro against
counterfeiting",U,,,32001D0887,2000,32,JAI,2001,CNS,804,,,,
2001,12,15,"Council Framework Decision amending Framework
Decision 2000/383/JHA on increasing protection by criminal
penalties and other sanctions against counterfeiting in
connection with the introduction of the euro",U,,,"32001F0888 ",2001,10,JAI,2001,CNS,823,,,,
2001,12,16,"Council Regulation amending Regulation (EC) No 539/2001
listing the third countries whose nationals must be in
possession of visas when crossing the external borders of Member States and those whose nationals are exempt from that requirement",U,,,"32001R2414 ",2001,570,COM,2001,CNS,231,,,,
2001,12,18,"Council Regulation on Community Designs",U,,,32002R0006,1993,342,COM,1993,CNS,463,,,,
2001,12,20,"Regulation of the European Parliament and of the Council on
cross-border payments in euro (13.12.2001)",V,,,"32001R2560 ",2001,439,COM,2001,COD,174,,Y,,"Even though Suite2LecturePE = Y, this act was not moved as the Council common position and the EP opinion were both adopted in December"
2001,12,22,"Council Regulation amending Regulation (EC) No 2505/96 opening and providing for the administration of autonomous Community tariff quotas for certain agricultural and industrial products",V,,,32001R2559,2001,639,COM,NULL,CS,NULL,,,,
2001,12,23,"Council Regulation fixing for 2002 the fishing opportunities
and associated conditions for certain fish stocks and groups of fish stocks, applicable in Community waters and, for Community vessels, in waters where limitations in catch are required",V,,EL,32001R2555,2001,719,COM,NULL,CS,NULL,,,,
2001,12,24,"Council Regulation amending Annexes I and III of Regulation (EEC) No 2377/90 laying down a Community procedure for the establishment of maximum residue limits of veterinary medicinal products in foodstuffs of animal origin",V,AT,,"32001R2584 ",2001,627-2,COM,NULL,CS,NULL,,,,
2001,12,25,"Council Regulation amending Regulation (EC) No 1017/94
concerning the conversion of land currently under arable
crops to extensive livestock farming in Portugal",V,,,"32001R2582 ",2001,559,COM,2001,CNS,233,,,,
2001,12,26,"Council Regulation amending Regulation (EEC) No 2204/90
laying down additional general rules on the common
organisation of the market in milk and milk products as
regards cheese",V,,,32001R2583,2001,410,COM,2001,CNS,159,,,,
2001,12,27,"Council Regulation amending Regulation (EC) No 1493/1999
on the common organisation of the market in wine",V,,IT,32001R2585,2001,332,COM,2001,CNS,132,,,,
2001,12,28,"Directive of the European Parliament and of the Council amending Council Directive 79/373/EEC on the circulation of compound feedingstuffs and repealing Commission Directive 91/357/EEC",V,,UK,32002L0002,1999,744,COM,2000,COD,15,,,,
2001,12,29,"Council Regulation amending Regulation (EC) No 1255/96 temporarily suspending the autonomous common customs tariff duties on certain industrial, agricultural and fishery products",V,,,32001R2499,2001,587,COM,NULL,CS,NULL,,,,
2001,12,30,"Council Regulation fixing for the 2002 fishing year the guide prices for the fishery products listed in Annexes I and II and the Community producer price for the fishery products listed in Annex III to Regulation (EC) No 104/2000",V,,,"32001R2563 ",2001,640,COM,NULL,CS,NULL,,,,
2001,12,31,"Directive of the European Parliament and of the Council
relating to ozone in ambient air",V,,,32002L0003,1999,125-2,COM,1999,COD,68,,,,
2001,12,32,"Council Regulation on the common organisation of the
market in sheepmeat and goatmeat",V,,"AT, IE, SE","32001R2529 ",2001,247,COM,2001,CNS,103,,,,
2001,12,33,"Council Directive relating to honey",V,"BE, UK",ES,"32001L0110 ",1995,722-3,COM,1996,CNS,114,,,,
2001,12,34,"Council Directive relating to certain sugars intended for
human consumption",V,,,32001L0111,1995,722-2,COM,1996,CNS,113,,,,
2001,12,35,"Council Directive relating to fruit juices and certain similar
products intended for human consumption",V,NL,BE,"32001L0112 ",1995,722-4,COM,1996,CNS,115,,,,
2001,12,36,"Council Directive relating to fruit jams, jellies and
marmalades and sweetened chestnut purée intended for
human consumption",V,,,32001L0113,1995,722-7,COM,1996,CNS,118,,,,
2001,12,37,"Council Directive relating to certain partly or wholly
dehydrated preserved milk for human consumption",V,,BE,"32001L0114 ",1995,722-5,COM,1996,CNS,116,,,,
2001,12,38,"Council Directive amending Directive 77/388/EEC with a
view to simplifying, modernising and harmonising the
conditions laid down for invoicing in respect of value added
tax",U,,,32001L0115,2000,650,COM,2000,CNS,289,,,,
2001,12,39,"Council Decision amending Part VII and Annex 12 to the
Common Consular Instructions and Annex 14a to the
Common Manual",U,,,32002D0044,2001,18,JAI,NULL,CS,NULL,,,,
,,,,,,,,,,,,,,,,,
,,,"NOTE: Dans le relevé mensuel du Conseil, le 1er acte de janvier est une recommandation: ""European Parliament and Council Recommendation on
European cooperation in quality evaluation in school
education"". Les recommandations ne sont pas des actes législatifs. Cet acte a donc été retiré du classeur: From: ""SANTOS MOORE Carla"" <Carla.SantosMoore@consilium.europa.eu> 
Date: Wed, 5 Dec 2012 12:16:54 +0100
""Recommendations have no binding force, therefore they cannot be considered as a legislative act (see Article 288 and 289 TEU)"".
",,,,,,,,,,,,,,
,,,"""",,,,,,,,,,,,,,
