ReleveAnnee,ReleveMois,NoOrdre,TitreRMC,AdopCSRegleVote,AdopCSAbs,AdoptCSContre,NoCELEX,ProposAnnee,ProposChrono,ProposOrigine,NoUniqueAnnee,NoUniqueType,NoUniqueChrono,ProposSplittee,Suite2eLecturePE,"COUNCIL PATH",Notes,
2000,1,1,"Council Regulation on Community financial contributions to the International Fund for Ireland",U,,,"32000R0214 ",1999,549,COM,1999,CNS,221,,,,,
2000,1,2,"Council Decision authorising the Kingdom of Denmark and the Kingdom of Sweden to apply a measure derogating from Article 17 of the Sixth Council Directive (77/388/EEC) on the harmonisation of the laws of the Member States relating to turnover taxes",U,,,32000D0091,1999,497,COM,NULL,CS,NULL,,,,,
2000,1,3,"Council Regulation amending Regulation (EEC) No 1696/71 on the common organisation of the market in hops",U,,,"32000R0191 ",1999,302,COM,1999,CNS,128,,,,,
2000,1,4,"Council Decision adopting a supplementary research programme to be implemented by the Joint Research Centre for the European Atomic Energy Community",U,,,32000D0100,1999,578,COM,1999,CNS,232,,,,,
2000,1,5,"Council Decision amending Decision 76/228/ECSC on the granting of daily subsistence allowances and refunds of travel expenses to members of the Consultative Committee of the European Coal and Steel Community",V,DK,,"32000D0099 ",1999,395,COM,NULL,CS,NULL,,,,,
2000,1,6,"Council Decision establishing the Employment Committee",SM,,,"32000D0098 ",1999,440,COM,1999,CNS,192,,,,,
2000,1,7,"Decision of the European Parliament and of the Council adopting a multiannual programme for the promotion of energy efficiency (SAVE) (1998-2002)",V,,,"32000D0647 ",1997,550-5,COM,1997,COD,371,,,,,
2000,1,8,"Decision of the European Parliament and of the Council adopting a multiannual programme for the promotion of renewable energy sources in the Community (ALTENER) (1998-2002)",V,,,32000D0646,1997,550-4,COM,1997,COD,370,,,,,
2000,1,9,"Decision of the European Parliament and of the Council establishing the Culture 2000 programme",V,,,32000D0508,1998,266-2,COM,1998,COD,169,,,,,
2000,1,10,"Council Decision amending Decision 95/514/EC on the equivalence of field inspections carried out in third countries on seed-producing crops and on the equivalence of seed produced in third countries",V,,,51999PC0734,1999,734,COM,NULL,CS,NULL,,,,"Message envoyé à la Commission. There is no Celex number in Prelex document. See email from the Commission: ""Pour ce dossier, l'adoption a été faite par document non publié (voir: http://eur-lex.europa.eu/Notice.do?val=335685:cs&lang=fr&list=335685:cs,&pos=1&page=1&nbl=1&pgs=10&hwords=).""",
2000,1,11,"Council Decision concerning the conclusion of the Agreement concerning the establishing of global technical regulations for wheeled vehicles, equipment and parts which can be fitted and/or be used on wheeled vehicles (""Parallel Agreement"")",V,BE,,"32000D0125 ",1999,27,COM,1999,AVC,11,,,,,
2000,1,12,"Council Regulation amending Regulation (EEC) No 2658/87 on the tariff and statistical nomenclature and the Common Customs Tariff",V,IT,,32000R0254,1999,649,COM,1999,ACC,261,,,,,
2000,2,1,"Directive of the European Parliament and of the Council amending Council Directive 74/60/EEC on the approximation of the laws of the Member States relating to the interior fittings of motor vehicles (3.02.00)",V,,,32000L0004,1998,159,COM,1998,COD,89,,Y,,,
2000,2,2,"Council Decision providing exceptional Community financial assistance
to Kosovo",U,,,32000D0140,1999,598,COM,1999,CNS,240,,,,,
2000,2,3,"Council Decision authorising Member States to apply a reduced rate of VAT to certain labour-intensive services in accordance with the procedure provided for in Article 28(6) of Directive 77/388/EEC",V,,,32000D0185,1999,705,COM,NULL,CS,NULL,,,,,
2000,2,4,"Council Decision authorising the Federal Republic of Germany to apply measures derogating from Articles 6 and 17 of the Sixth Directive on the harmonisation of the laws of the Member States relating to turnover taxes - common system of value added tax: uniform basis of assessment (77/388/EEC)",V,,,32000D0186,1999,690,COM,NULL,CS,NULL,,,,,
2000,2,5,"Council Regulation amending Regulation (EC) No 3605/93 on the application of the Protocol on the excessive deficit procedure annexed to the Treaty establishing the European Community",V,,,32000R0475,1999,444,COM,1999,CNS,196,,,,,
2000,3,1,"Directive of the European Parliament and of the Council on the approximation of the laws of the Member States relating to the labelling, presentation and advertising of foodstuffs",V,,,"32000L0013 ",1999,113,COM,1999,COD,90,,,,,
2000,3,2,"Directive of the European Parliament and of the Council relating to the taking up and pursuit of the business of credit institutions",V,,,32000L0012,1997,706,COM,1997,COD,357,,,,,
2000,3,3,"Council Decision on guidelines for Member States' employment policies for the year 2000",V,,,32000D0228,1999,712,COM,1999,CNS,277,,,,,
2000,3,4,"Directive of the European Parliament and of the Council on the approximation of the laws of the Member States relating to the noise emission in the environment by equipment for use outdoors (15.03.00)",V,,,"32000L0014 ",1998,46,COM,1998,COD,29,,Y,,,
2000,3,5,"Directive of the European Parliament and of the Council amending Council Directive 64/432/EEC on animal health problems affecting intra–Community trade in bovine animals and swine (15.03.00)",V,,,"32000L0015 ",1998,81,COM,1998,COD,20,,Y,,,
2000,3,6,"Directive of the European Parliament and of the council amending Council Directive 79/373/EEC on the marketing of compound feedingstuffs and Council Directive 96/25/EC on the circulation of feed materials (15.03.00)",V,,,32000L0016,1998,435,COM,1998,COD,238,,Y,,,
2000,3,7,"Council Regulation amending Regulation (EEC) No 737/90 on the conditions governing imports of agricultural products originating in third countries following the accident at the Chernobyl nuclear power station",V,,,32000R0616,2000,35,COM,2000,ACC,31,,,,,
2000,3,8,"Council Decision amending Decision 97/787/EC providing exceptional financial assistance for Armenia and Georgia in order to extend it to Tajikistan",U,,,32000D0244,1999,391,COM,1999,CNS,172,,,,,
2000,3,9,"Council Decision authorising the Kingdom of the Netherlands to apply a measure derogating from Article 11 of the Sixth Directive (77/388/EEC) on the harmonisation of the laws of Member States relating to turnover taxes",V,,,32000D0256,1999,721,COM,NULL,CS,NULL,,,,,
2000,3,10,"Council Decision designating a specific institute responsible for establishing the criteria necessary for standardising the serological tests to monitor the effectiveness of rabies vaccines",V,,"DE, AT",32000D0258,1999,615,COM,NULL,CS,NULL,,,,,
2000,3,11,"Council Decision concerning aid granted in Italy by RIBS S.p.A. in accordance with the provisions of national law No 700 of 19 December 1983 on the restructuring of the sugar beet sector",V,"FI, DK, NL",,32000D0257,2000,NULL,EM,NULL,CS,NULL,,,,"AdoptionProposOrigine = Transmission Conseil = 2000-01-04. Recital: ""Having regard to the request put forward by the Government of the Italian Republic on 4 January 2000""",
2000,3,12,"Council Decision authorising the Director of Europol to enter into negotiations on agreements with third States and non-EU related bodies",U,,,42000Y0413,1999,13107,CONS,NULL,CS,NULL,,," http://register.consilium.europa.eu/pdf/en/99/st13/st13107.en99.pdf  ","AdoptionProposOrigine = Transmission Conseil = 1999-11-19",
2000,3,13,"Council Decision on the establishment of a Financial Regulation governing the budgetary aspects of the management by the Deputy Secretary-General of the Council, of contracts concluded in his name, on behalf of certain Member States, relating to the installation and the functioning of the communication infrastructure for the Schengen environment, ""SISNET""",U,,,32000D0265,2000,7027,CONS,NULL,CS,NULL,,,"http://register.consilium.europa.eu/pdf/en/00/st07/st07027.en00.pdf. ","AdoptionProposOrigine = Transmission Conseil = 1999-11-19",
2000,3,14,"Council Decision on the improved exchange of information to combat counterfeit travel documents",V,,,32000D0261,1999,2,JAI,1999,CNS,804,,,,,
2000,3,15,"Council Regulation on closer dialogue with the fishing sector and groups affected by the common fisheries policy",V,,DE,32000R0657,1999,382,COM,1999,CNS,163,,,,,
2000,3,16,"Council Regulation opening and providing for the administration of autonomous Community tariff quotas for certain fishery products",V,,,32000R0655,2000,101,COM,NULL,CS,NULL,,,,,
2000,3,17,"Council Directive amending Directive 77/388/EEC on the common system of value added tax – transitional provisions granted to the Republic of Austria and the Portuguese Republic",U,,,"32000L0017 ",1999,703,COM,1999,CNS,272,,,,,
2000,3,18,"Council Decision authorising the Kingdom of the Netherlands to apply a reduced rate of excise duty to certain mineral oils, when used for specific purposes, in accordance with the procedure provided for in Article 8(4) of Directive 92/81/EEC",V,,,"32000D0266 ",1999,671,COM,NULL,CS,NULL,,,,,
2000,4,1,"Council Decision authorising the Federal Republic of Germany to apply a reduced rate of excise duty to certain mineral oils, when used for specific purposes, in accordance with the procedure provided for in Article 8(4) of Directive 92/81/EEC",V,,,32000D0283(01),2000,12,COM,NULL,CS,NULL,,,,,
2000,4,2,"Decision of the European Parliament and of the Council establishing the ""Youth"" Community action programme",V,,NL,32000D1031,1998,331,COM,1998,COD,197,,,,,
2000,4,3,"Directive of the European Parliament and of the Council amending Directive 77/780/EEC on the coordination of laws, regulations and administrative provisions relating to the taking up and pursuit of the business of credit institutions
(11.04.2000)",V,,,32000L0028,1998,461-2,COM,1998,COD,253,Y,Y,," Propos* and NoUnique* are missing in Celex document. . There seems to be a mistake in Prelex document: in June 2000, the Council seems to have approved the EP decision relating to the other part of the 'splitted' proposal, not to this part.this proposal.",
2000,4,4,"Decision of the European Parliament and of the Council on the application of aerial-survey and remote-sensing techniques to the agricultural statistics for 1999-2003 (13.04.2000)",V,,,32000D1445,1998,601,COM,1998,COD,296,,Y,,,
2000,4,5,"Directive of the European Parliament and of the Council on action to be taken against the emission of gaseous and
particulate pollutants by engines intended to power agricultural or forestry tractors and amending Council Directive 74/150/EEC (13.04.2000)",V,,,"32000L0025 ",1998,472,COM,1998,COD,247,,Y,,,
2000,4,6,"Directive on the roadside inspection of the roadworthiness of commercial vehicles circulating in the Community",V,,,"32000L0030 ",1998,117,COM,1998,COD,97,,,,,
2000,4,7,"Council Regulation amending Regulation (EC) No 505/96 opening and providing for the administration of autonomous Community tariff quotas for certain agricultural and industrial products",V,,,"32000R0775 ",2000,122,COM,NULL,CS,NULL,,,,,
2000,4,8,"Directive of the European Parliament and of the Council amending Council Directive 64/432/EEC on animal health problems affecting intra–Community trade in bovine animals and swine",V,,,32000L0020,1999,456,COM,1999,COD,217,,,,,
2000,4,9,"Council Regulation amending Regulation (EC) No 1577/96 introducing a specific measure in respect of certain grain legumes",V,,,"32000R0811 ",1999,428,COM,1999,CNS,182,,,,,
2000,4,10,"Council Regulation supplementing the Annex to Commission Regulation (EC) No 1107/96 on the registration of geographical indications and designations of origin under the procedure laid down in Article 17 of Regulation (EEC) No 2081/92",V,"BE, DK, UK",,"32000R0813 ",2000,89,COM,NULL,CS,NULL,,,,,
2000,4,11,"Regulation on information measures relating to the common agricultural policy",V,,DK,"32000R0814 ",1999,536,COM,1999,CNS,209,,,,,
2000,4,12,"Council Regulation amending Regulation (EC) No 1626/94 laying down certain technical measures for the conservation of fishery resources in the Mediterranean and Regulation (EC) No 850/98 for the conservation of fishery resources through technical measures for the protection of juveniles of marine organisms",V,,,32000R0812,1999,552,COM,1999,CNS,222,,,,,
2000,5,1,"Decision of the European Parliament and of the Council extending Decision No 710/97/EC on a coordinated authorisation approach in the field of satellite personal-communication services in the Community",V,,,"32000D1215 ",1999,745,COM,2000,COD,20,,,,,
2000,5,2,"Council Decision amending Decision 95/513/EEC on the equivalence of seed potatoes produced in third countries and Decision 95/514/EEC on the equivalence of field inspections carried out in third countries on seed-producing crops and on the equivalence of seed produced in third countries",V,,,32000D0326,2000,64,COM,NULL,CS,NULL,,,,,
2000,5,3,"Council Directive amending Directive 93/53/EEC introducing minimum Community measures for the control of certain fish diseases",V,,,32000L0027,1999,437,COM,1999,CNS,191,,,,,
2000,5,4,"Directive of the European Parliament and of the Council on the approximation of the laws of the Member States relating to insurance against civil liability in respect of the use of motor vehicles and amending Council Directives 73/239/EEC and 88/357/EEC (Fourth Motor Insurance Directive)",V,,,32000L0026,1997,510,COM,1997,COD,264,,,,,
2000,5,5,"Directive 2000/31/EC of the European Parliament and of the Council of 8 June 2000 on certain legal aspects of information society services, in particular electronic commerce, in the Internal Market ('Directive on electronic commerce') ",V,,,32000L0031,1998,586,COM,1998,COD,325,,Y,," Propos* and NoUnique are missing in Celex document. There seems to be a mistake in Prelex document:as it indicates a Council 2nd reading.",
2000,5,6,"Council Regulation concerning further calls of foreign reserve assets by the European Central Bank",U,,,"32000R1010 ",1999,1,BCE,1999,CNS,817,,,,,
2000,5,7,"Council Regulation concerning capital increases of the European Central Bank",V,,,32000R1009,1998,1,BCE,1999,CNS,802,,,,,
2000,5,8,"Council Directive on protective measures against the introduction into the Community of organisms harmful to plants or plant products and against their spread within the Community",V,,,"32000L0029 ",1997,651,COM,1997,CNS,338,,,,,
2000,5,9,"Council Regulation amending Regulation (EC) No 1255/1999 on the common organisation of the market in milk and milk products",V,,,32000R1040,1999,631,COM,1999,CNS,254,,,,,
2000,5,10,"Decision of the European Parliament and of the Council establishing a scheme to monitor the average specific emissions of CO2 from new passenger cars",V,,,32000D1753,1998,348,COM,1998,COD,202,,,,,
2000,5,11,"Directive 2000/40/EC of the European Parliament and of the Council of 26 June 2000 on the approximation of the laws of the Member States relating to the front underrun protection of motor vehicles and amending Council Directive 70/156/EEC",V,,,32000L0040,1999,32,COM,1999,COD,7,,Y,,,
2000,5,12,"Directive 2000/ /EC of the European Parliament and of the Council amending Council Directive 93/104/EC concerning certain aspects of the organisation of working time to cover sectors and activities excluded from that Directive.",U,,,32000L0034,1998,662-2,COM,1998,COD,318,,,,,
2000,5,13,"Directive of the European Parliament and of the Council on combating late payment in commercial transactions",V,,,32000L0035,1998,126,COM,1998,COD,99,,,,,
2000,5,14,"Council Regulation implementing Decision 94/728/EC, Euratom on the system of the Communities' own resources",U,,,"32000R1150 ",1997,652,COM,1997,CNS,352,,,,,
2000,5,15,"Directive of the European Parliament and of the Council relating to cocoa and chocolate products intended for human consumption (approval of amendments to the Council's common position at the European Parliament's 2nd reading)",V,LU,"BE, NL","32000L0036 ",1995,722-1,COM,1996,COD,112,,,,,
2000,5,16,"Council Framework Decision on increasing protection by criminal penalties and other sanctions against counterfeiting in connection with the introduction of the euro",U,,,32000F0383,1999,4,JAI,1999,CNS,821,,,,,
2000,5,17,"Council Regulation on the service in the Member States of judicial and extrajudicial documents in civil or commercial matters",U,,,32000R1348,1999,219,COM,1999,CNS,102,,,,,
2000,5,18,"Council Regulation on insolvency proceedings",U,,,32000R1346,1999,1,JAI,1999,CNS,806,,,,,
2000,5,19,"Council Regulation on jurisdiction and the recognition and enforcement of judgments in matrimonial matters and in matters of parental responsibility for children of both spouses",U,,,"32000R1347 ",1999,220,COM,1999,CNS,110,,,,,
2000,5,20,"Council Decision concerning the request of the United Kingdom of Great Britain and Northern Ireland to take part in some of the provisions of the Schengen acquis",U,,,"32000D0365 ",2000,8397,CONS,NULL,CS,NULL,,,http://register.consilium.europa.eu/pdf/en/00/st08/st08397.en00.pdf,"AdoptionProposOrigine = Transmission Conseil = 2000-05-24 Document indiqué dans le relevé mensuel. "," "
2000,5,21,"Council Decision to combat child pornography on the Internet",V,,,32000D0375,1999,3,JAI,1999,CNS,822,,,,"Original title on monthly summary: Initiative of the Republic of Austria with a view to adopting a Council Decision to combat child pornography on the Internet",
2000,6,1,"Council Regulation amending for the fifth time Regulation (EC) No 850/98 for the conservation of fishery resources through technical measures for the protection of juveniles of marine organisms",V,,,32000R1298,1999,636,COM,1999,CNS,255,,,,,
2000,6,2,"Council Regulation laying down certain control measures in respect of vessels flying the flag of non-Contracting Parties to the Northwest Atlantic Fisheries Organisation (NAFO)",U,,,"32000R1262 ",1999,570,COM,1999,CNS,231,,,,,
2000,6,3,"Decision of the European Parliament and of the Council on the European Year of Languages 2001",V,,,32000D1934,1999,485,COM,1999,COD,208,,,,,
2000,6,4,"Council Regulation amending Annex I to Regulation(EEC) No 2658/87 on the tariff and statistical nomenclature and on the Common Customs Tariff",V,,,32000R1264,2000,136,COM,NULL,CS,NULL,,,,,
2000,6,5,"Council Regulation amending Regulation (EC) No 2505/96 opening and providing for the administration of autonomous Community tariff quotas for certain agricultural and industrial products",V,,,32000R1263,2000,201,COM,NULL,CS,NULL,,,,,
2000,6,6,"Regulation of the European Parliament and of the Council on development cooperation with South Africa",V,,,32000R1726,1999,124,COM,1999,COD,70,,,,,
2000,6,7,"Regulation of the European Parliament and of the Council on substances that deplete the ozone layer",V,,,32000R2037,1998,398,COM,1998,COD,228,,,,,
2000,6,8,"Directive of the European Parliament and of the Council on the taking up, pursuit and prudential supervision of the business of electronic money institutions",U,,EL,32000L0046,1998,461-1,COM,1998,COD,252,,,,,
2000,6,9,"Council Regulation amending Regulation (EC) No 2742/1999 fixing for 2000 the fishing opportunities and associated conditions for certain fish stocks and groups of fish stocks, applicable in Community waters and, for Community vessels, in waters where limitations in catch are required",V,,,32000R1447,2000,175,COM,NULL,CS,NULL,,,,,
2000,6,10,"Council Regulation amending Regulation (EEC) No 2075/92 on the common organisation of the market in raw tobacco",V,,,"32000R1336 ",1999,704,COM,1999,CNS,283,,,,,
2000,6,11,"Council Regulation amending Regulation (EC) No 1255/96 temporarily suspending the autonomous common customs tariff duties on certain industrial and agricultural products",V,,,32000R1297,2000,238,COM,NULL,CS,NULL,,,,,
2000,6,12,"Council Regulation fixing certain sugar prices and the standard quality of beet for the 2000/2001 marketing year",V,,"SE, UK","32000R1363 ",2000,77-4,COM,2000,CNS,47,,,,,
2000,6,13,"Council Regulation fixing the derived intervention prices for white sugar, the intervention price for raw sugar, the minimum prices for A and B beet and the compensation to offset storage costs for the 2000/2001 marketing year",V,,,32000R1364,2000,77-5,COM,NULL,CS,NULL,,,,,
2000,6,14,"Council Regulation amending Regulation (EEC) No 2759/75 on the common organisation of the market in pigmeat",V,,,"32000R1365 ",2000,77-8,COM,2000,CNS,50,,,,,
2000,6,15,"Council Directive implementing the principle of equal treatment between persons irrespective of racial or ethnic origin",U,,,32000L0043,1999,566,COM,1999,CNS,253,,,,,
2000,6,16,"Council Regulation establishing a Community framework for the collection and management of the data needed to conduct the common fisheries policy",V,,,32000R1543,1999,541,COM,1999,CNS,218,,,,,
2000,6,17,"Council Decision on a financial contribution from the Community towards the expenditure incurred by Member States in collecting data, and for financing studies and pilot projects for carrying out the common fisheries policy",V,,,32000D0439,1999,551,COM,1999,CNS,224,,,,,
2000,6,18,"Regulation of the European Parliament and of the Council on a revised Community Eco-label Award",V,,,32000R1980,1996,603,COM,1996,COD,312,,,,,
2000,6,19,"Regulation of the European Parliament and of the Council concerning the financial instrument for the environment (LIFE)",V,,,"32000R1655 ",1998,720,COM,1998,COD,336,,,,,
2000,6,20,"Regulation of the European Parliament and of the Council extending Council Regulation (EC) No 443/97 on operations to aid uprooted people in Asian and Latin American developing countries",V,,,"32000R1880 ",1999,443,COM,1999,COD,194,,,,,
2000,6,21,"Council Decision authorising the United Kingdom of Great Britain and Northern Ireland to apply a reduced rate of excise duty to certain mineral oils, when used for specific purposes, in accordance with the procedure provided for in Article 8(4) of Directive 92/81/EEC",U,,,32000D0434,2000,251,COM,NULL,CS,NULL,,,,,
2000,6,22,"Council Decision authorising the Federal Republic of Germany to apply a reduced rate of excise duty to certain mineral oils, when used for specific purposes, in accordance with the procedure provided for in Article 8(4) of Directive 92/81/EEC",U,,,"32000D0433 ",2000,244,COM,NULL,CS,NULL,,,,,
2000,6,23,"Council Decision amending Decisions 97/375/EC, 97/510/EC, 98/20/EC, 98/23/EC and 98/161/EC",U,,,32000D0435,2000,85,COM,NULL,CS,NULL,,,,,
2000,6,24,"Directive of the European Parliament and of the Council amending Council Directives 85/611/EEC, 92/49/EEC, 92/96/EEC and 93/22/EEC as regards exchange of information with third countries",V,,,"32000L0064 ",1999,748,COM,2000,COD,14,,,,,
2000,7,1,"Directive of the European Parliament and of the Council on energy efficiency requirements for ballasts for fluorescent lighting",V,,,"32000L0055 ",1999,296,COM,1999,COD,127,,Y,,,
2000,7,2,"Council Decision providing supplementary macrofinancial assistance to Moldova",U,,,"32000D0452 ",1999,516,COM,1999,CNS,213,,,,,
2000,7,3,"Council Decision authorising Italy to apply reductions in excise duties on certain mineral oils used for specific purposes, in accordance with the procedure provided for in Article 8(4) of Directive 92/81/EEC",U,,,32000D0446,2000,415,COM,NULL,CS,NULL,,,,,
2000,7,4,"Directive of the European Parliament and of the Council on the protection of workers from risks related to exposure to biological agents at work (seventh individual directive within the meaning of Article16(1) of Directive 89/391/EEC)",V,,,"32000L0054 ",1999,432,COM,1999,COD,188,,,,,
2000,7,5,"Council Decision amending Decision 99/311/EC of 29 April 1999 adopting the third phase of the trans-European
co-operation scheme for higher education (TEMPUS III) (2000-2006)",U,,,"32000D0460 ",2000,184,COM,2000,CNS,74,,,,,
2000,7,6,"Council Regulation amending Regulation (EEC) No 3508/92 establishing an integrated administration and control system for certain Community aid schemes",V,,IT,32000R1593,1999,517,COM,1999,CNS,207,,,,,
2000,7,7,"Council Regulation (EEC) No 1766/92 on the common organisation of the market in cereals",V,,,"32000R1666 ",2000,77-2,COM,2000,CNS,45,,,,,
2000,7,8,"Council Regulation (EC) No 3072/95 on the common organisation of the market in rice",V,,,"32000R1667 ",2000,77-3,COM,2000,CNS,46,,,,,
2000,7,9,"Council Regulation (EEC) No 845/72 laying down special measures to encourage silkworm rearing",V,,,"32000R1668 ",2000,77-6,COM,2000,CNS,48,,,,,
2000,7,10,"Council Regulation (EC) No 2467/98 on the common organisation of the market in sheepmeat and goatmeat",U,,,32000R1669,2000,77-7,COM,2000,CNS,49,,,,,
2000,7,11,"Regulation of the European Parliament and of the Council establishing a system for the identification and registration of bovine animals and regarding the labelling of beef and beef products and repealing Council Regulation (EC) No 820/97",U,,,"32000R1760 ",1999,487-1,COM,1999,COD,204,,,,,
2000,7,12,"Council Directive 2000/47/EC amending
Directives 69/169/EEC and 92/12/EEC as regards temporary quantitative restrictions on beer imports into Finland",U,,,"32000L0047 ",2000,76-1,COM,2000,CNS,38,,,,,
2000,7,13,"Council Regulation amending Regulation (EEC) No 918/83 as regards a temporary derogation for duty-free imports of beer into Finland",V,,,"32000R1671 ",2000,76-2,COM,2000,CNS,39,,,,,
2000,7,14,"Council Regulation amending Regulation (EC) No 1255/1999 on the common organisation of the market in milk and milk products",V,,,"32000R1670 ",1999,608,COM,1999,CNS,246,,,,,
2000,7,15,"Council Regulation amending Regulation (EC) No 2742/1999 fixing for 2000 the fishing opportunities and associated conditions for certain fishstocks and groups of fishstocks, applicable in Community waters and, for Community vessels, in waters where limitations in catch are required",V,,,32000R1696,2000,273,COM,NULL,CS,NULL,,,,,
2000,7,16,"Directive of the European Parliament and of the Council on end-of-life vehicles",V,,,"32000L0053 ",1997,358,COM,1997,COD,194,,,,,
2000,7,17,"Council Regulation amending Regulation (EC) No 1251/1999 establishing a support system for producers of certain arable crops to include flax and hemp grown for fibre",U,,,32000R1672,1999,576-1,COM,1999,CNS,236,,,,ProcedureEcrite=Y,
2000,7,18,"Council Regulation on the common organisation of the markes in flax and hemp grown for fibre",V,BE,,32000R1673,1999,576-2,COM,1999,CNS,237,,,,ProcedureEcrite=Y,
2000,9,1,"Decision of the European Parliament and of the Council amending Decision 96/411/EC on improving Community agricultural statistics (5.9.00)",V,,,32000D2298,1999,332,COM,1999,COD,137,,Y,,,
2000,9,2,"Regulation of the European Parliament and of the Council on measures to promote the conservation and sustainable management of tropical forests and other forests in developing countries",V,,,32000R2494,1999,41,COM,1999,COD,15,,,,ProcedureEcrite=Y,
2000,9,3,"Regulation of the European Parliament and of the Council on measures to promote the full integration of the environmental dimension in the development process of developing countries",V,,,32000R2493,1999,36,COM,1999,COD,20,,,,ProcedureEcrite=Y,
2000,9,4,"Directive of the European Parliament and of the Council establishing a framework for Community action in the field of water policy",V,,,"32000L0060 ",1997,49,COM,1997,COD,67,,,,ProcedureEcrite=Y,
2000,9,5,"Directive of the European Parliament and of the Council on port reception facilities for ship-generated waste and cargo residues",V,,,32000L0059,1998,452,COM,1998,COD,249,,,,ProcedureEcrite=Y,
2000,9,6,"Council Regulation amending Annex 4 to Protocol No 9 to the 1994 Act of Accession and Commission Regulation (EC) No 3298/94 with regard to the system of ecopoints for heavy goods vehicles transiting through Austria",V,BE,AT,"32000R2012 ",2000,395,COM,NULL,CS,NULL,,,,ProcedureEcrite=Y,
2000,9,7,"Directive of the European Parliament and of the Council amending Council Directive 94/55/EC on the approximation of the laws of the Member States with regard to the transport of dangerous goods by road (21.9.2000)",V,,,32000L0061,1999,158,COM,1999,COD,83,,Y,,,
2000,9,8,"Directive 2000/62/EC of the European Parliament and of the Council of 10 October 2000 amending Council Directive 96/49/EC on the approximation of the laws of the Member States with regard to the transport of dangerous goods by rail",V,,,32000L0062,1999,157,COM,1999,COD,87,,Y,,,
2000,9,9,"Council Regulation on budgetary discipline",U,,,"32000R2040 ",1999,364,COM,1999,CNS,151,,,,,
2000,9,10,"Council Regulation amending Regulation (EEC) No 302/93 on the establishment of a European Monitoring Centre for Drugs and Drug Addiction",U,,,32000R2220,1999,430,COM,1999,CNS,187,,,,,
2000,9,11,"Council Decision establishing a European Refugee Fund",U,,,"32000D0596 ",1999,686,COM,1999,CNS,274,,,,,
2000,9,12,"Regulation of the European Parliament and of the Council amending the Regulation on substances that deplete the ozone layer, as regards the base year for the allocation of quotas of hydrochlorofluorocarbons",V,,,32000R2039,2000,426,COM,2000,COD,170,,,,,
2000,9,13,"Regulation of the European Parliament and of the Council amending the Regulation on substances that deplete the ozone layer, as regards metered dose inhalers and medical drug pump",V,,,"32000R2038 ",2000,427,COM,2000,COD,175,,,,,
2000,9,14,"Council Decision on the system of the European Communities' own resources",U,,,32000D0597,1999,333,COM,1999,CNS,139,,,,,
2000,10,1,"Regulation of the European Parliament and of the Council modifying the common principles of the European System of national and regional accounts in the Community as concerns taxes and social contributions and amending Council Regulation (EC) No 2223/96 (3.10.2000)",V,,,32000R2516,1999,488,COM,1999,COD,200,,Y,,,
2000,10,2,"Regulation (EC) of the European Parliament and of the Council amending Council Regulation (EEC) 2913/92 establishing the Community Customs Code (5.10.2000)",U,,,32000R2700,1998,226-2,COM,1998,COD,134,,Y,,,
2000,10,3,"Council Directive amending Directive 77/388/EEC as regards the determination of the person liable for payment of value added tax",U,,,32000L0065,1998,660,COM,1998,CNS,312,,,,,
2000,10,4,"Council Decision concerning arrangements for cooperation between Financial Intelligence Units of the Member States in respect of exchanging information",V,,,"32000D0642 ",1999,5,JAI,1999,CNS,824,,,,,
2000,10,5,"Council Decision extending the period of application of Decision 82/530/EEC authorising the United Kingdom to permit the Isle of Man authorities to apply a system of special import licences to sheepmeat and beef and veal",V,,,"32000D0665 ",2000,447,COM,NULL,CS,NULL,,,,,
2000,10,6,"Council Regulation amending Regulation (EEC) No 2358/71 on the common organisation of the market in seeds",U,,,32000R2371,2000,541,COM,NULL,CS,NULL,,,,,
2000,10,7,"Directive of the European Parliament and of the Council relating to limit values for benzene and carbon monoxide in ambient air",V,,,32000L0069,1998,591,COM,1998,COD,333,,,,,
2000,10,8,"Directive of the European Parliament and of the Council amending Council Directive 93/42/EEC concerning medical devices as regards medical devices incorporating stable derivatives of human blood or human plasma (24.10.2000)",V,,,"32000L0070 ",1995,130-1,COM,1995,COD,13,Y,Y,,,
2000,11,1,"Council Decision amending Decision 2000/24/EC so as to extend the Community guarantee granted to the European Investment Bank to cover loans for projects in Croatia",U,,,"32000D0688 ",2000,289,COM,2000,CNS,122,,,,,
2000,11,2,"Council Regulation opening and providing for the administration of autonomous Community tariff quotas for certain fishery products",V,,,"32000R2448 ",2000,404,COM,NULL,CS,NULL,,,,,
2000,11,3,"Council Regulation amending Regulation (EC) No 2742/1999 fixing for 2000 the fishing opportunities and associated conditions for certain fish stocks and groups of fish stocks, applicable in Community waters and, for Community vessels, in waters where limitations in catch are required",V,,,"32000R2517 ",2000,581,COM,NULL,CS,NULL,,,,,
2000,11,4,"Council Decision authorising France to apply an exemption from excise duty for certain mineral oils, when used for specific purposes, in accordance with the procedure provided for in Article 8(4) of Directive 92/81/EEC",U,,,"32000D0719 ",2000,373,COM,NULL,CS,NULL,,,,,
2000,11,5,"Council Regulation maintaining a freeze of funds in relation to Mr. Milosevic and those persons associated with him and repealing Regulations (EC) Nos 1294/1999 and 607/2000 and Article 2 of Regulation (EC) No 926/98",V,,,"32000R2488 ",2000,676,COM,NULL,CS,NULL,,,,,
2000,11,6,"Council Regulation amending Annex I to Regulation (EEC) No 2658/87 on the tariff and statistical nomenclature and on the Common Customs Tariff",V,,,"32000R2559 ",2000,557,COM,2000,ACC,229,,,,,
2000,11,7,"Council Regulation amending Regulation (EC) No 2742/1999 fixing, for 2000, the fishing opportunities and associated conditions for certain fish stocks and groups of fish stocks applicable in Community waters and, for Community vessels, in waters subject to catch limits",V,,,32000R2579,2000,514,COM,NULL,CS,NULL,,,,,
2000,11,8,"Council Regulation amending Regulation (EC) No 1626/94 laying down certain technical measures for the conservation of marine resources in the Mediterranean",U,,,"32000R2550 ",2000,425,COM,NULL,CS,NULL,,,,,
2000,11,9,"Council Regulation establishing additional technical measures for the recovery of the stock of cod in the Irish Sea (ICES Division VIIa)",V,,FR,32000R2579,2000,190,COM,2000,CNS,71,,,,,
2000,11,10,"Council Regulation amending Regulation (EC) No 2406/96 laying down common marketing standards for certain fishery products",V,,,"32000R2578 ",2000,484,COM,NULL,CS,NULL,,,,,
2000,11,11,"Council Regulation amending Regulation (EC) No 3448/93 laying down the trade arrangements applicable to certain goods resulting from the processing of agricultural products",V,,,"32000R2580 ",1999,717,COM,1999,CNS,284,,,,,
2000,11,12,"Directive of the European Parliament and of the Council amending Council Directive 95/53/EC fixing the principles governing the organisation of official inspections in the field of animal nutrition",V,,,32000L0077,1998,602,COM,1998,COD,301,,,,"Propos* and NoUnique* are missing on Celex document",
2000,11,13,"Directive of the European Parliament and of the Council on the incineration of waste",V,,,"32000L0076 ",1998,558,COM,1998,COD,289,,,,,
2000,11,14,"Council Directive laying down specific provisions for the control and eradication of bluetongue",V,,,"32000L0075 ",1999,368,COM,NULL,CS,NULL,,,,,
2000,11,15,"Council Decision on the grant of funds to the Hellenic Republic in order to compensate partially for the interest paid on European Investment Bank loans for the reconstruction of the region which was devastated by the earthquake of September 1999",U,,,32000D0786,2000,632,COM,2000,CNS,255,,,,,
2000,11,16,"Council Regulation amending Regulation (EC) No 1103/97 on certain provisions relating to the introduction of the euro",U,,,"32000R2595 ",2000,346-3,COM,2000,CNS,134,,,,,
2000,11,17,"Council regulation amending Regulation (EC) No 974/98 on the introduction of the euro",U,,,32000R2596,2000,346-2,COM,2000,CNS,137,,,,,
2000,11,18,"Council Decision authorising the French Republic to apply a measure derogating from Article 11 of the Sixth Directive (77/388/EEC) relating to the common system of value added",U,,,"32000D0746 ",2000,450,COM,NULL,CS,NULL,,,,,
2000,11,19,"Council Decision amending Article 3 of Decision 98/198/EC authorising the United Kingdom to extend application of a measure derogating from Articles 6 and 17 of the Sixth Council Directive (77/388/EEC) on the harmonisation of the laws of the Member States relating to turnover taxes",U,,,32000D0747,2000,589,COM,NULL,CS,NULL,,,,,
2000,11,20,"Council Decision establishing a Community action programme to combat discrimination (2001 – 2006)",U,,,32000D0750,1999,567,COM,1999,CNS,251,,,,,
2000,11,21,"Council Directive establishing a general framework for equal treatment in employment and occupation",U,,,32000L0078,1999,565,COM,1999,CNS,225,,,,,
2000,11,22,"Council Directive concerning the European Agreement on the Organisation of Working Time of Mobile Workers in Civil Aviation concluded by the Association of European Airlines (AEA), the European Transport Workers' Federation (ETF), the European Cockpit Association (ECA), the European Regions Airline Association (ERA) and the International Air Carrier Association (IACA)",U,,,32000L0079,2000,382,COM,NULL,CS,NULL,,,,"NoUniqueType on Pre-lex document is wrong (CNS). Therefore, ŒIL link on Pre-lex document does not work. The right NoUniqueType is on ŒIL document (COS). But since this is an historic procedure, it is recoded here with NULL/CS/NULL",
2000,11,23,"Regulation of the European Parliament and of the Council on the protection of individuals with regard to the processing of personal data by the Community institutions and bodies and on the free movement of such data",U,,,32001R0045,1999,337,COM,1999,COD,153,,,,,
2000,12,1,"Council Decision on the application of the Schengen acquis in Denmark, Finland and Sweden, and in Iceland and Norway",U,,,32000D0777,2000,12741,CONS,NULL,CS,NULL,,,http://register.consilium.europa.eu/pdf/en/00/st12/st12741-ad01re01.en00.pdf,"AdoptionProposOrigine = Transmission Conseil = 2000-11-20. Document indiqu dans le relevé mensuel. ",
2000,12,2,"Proposal for a Council Decision amending
Decision 200/24/EC so as to establish an EIB special action programme in support of the consolidation and intensification of the EC-Turkey customs union",U,,,32000D0788,2000,479,COM,2000,CNS,197,,,,,
2000,12,3,"Council Regulation amending Regulation (EC) No 2200/96 on the common organisation of the market in fruit and vegetables, Regulation (EC) No 2201/96 on the common organisation of the market in processed fruit and vegetables and Regulation (EC) No 2202/96 introducing a Community aid scheme for producers of certain citrus fruits",V,,"DK, NL, SE, UK","32000R2699 ",2000,433,COM,2000,CNS,191,,,,,
2000,12,4,"Council Decision concerning certain protection measures with regard to transmissible spongiform encephalopathies and the feeding of animal protein",V,,"DE, FI","32000D0766 ",2000,820,COM,NULL,CS,NULL,,,,,
2000,12,5,"Decision of the European Parliament and of the Council setting up a Community framework for cooperation in the field of accidental or deliberate marine pollution",V,,,"32000D2850 ",1998,769,COM,1998,COD,350,,,,,
2000,12,6,"Regulation of the European Parliament and of the Council on unbundled access to the local loop",V,,,"32000R2887 ",2000,394,COM,2000,COD,185,,,,,
2000,12,7,"Council Regulation concerning the definition of the concept of ""originating products"" and methods of administrative cooperation in trade between the customs territory of the Community and Ceuta and Melilla",V,,,"32001R0082 ",2000,432,COM,NULL,CS,NULL,,,,,
2000,12,8,"European Parliament and Council Decision on the implementation of a training programme for professionals in the European audiovisual programme industry (MEDIA - Training) (13.12.2000)",V,,,"32001D0163 ",1999,658-2,COM,1999,COD,275,,Y,,,
2000,12,9,"European Parliament and Council Directive amending Council Directive 70/220/EEC concerning measures to be taken against air pollution by emissions from motor vehicles (13.12.2000)",V,,,"32001L0001 ",2000,42,COM,2000,COD,40,,Y,,,
2000,12,10,"European Parliament and Council Regulation on the distribution of permits for heavy goods vehicles travelling in Switzerland (14.12.2000)",V,,,"32000R2888 ",1999,35,COM,1999,COD,22,,Y,,,
2000,12,11,"Council Regulation opening and providing for the administration of autonomous Community tariff quotas for certain fishery products",V,,,"32000R2803 ",2000,503,COM,NULL,CS,NULL,,,,,
2000,12,12,"Council Regulation amending Regulation (EC) No 1255/96 temporarily suspending the autonomous common customs tariff duties on certain industrial and agricultural products",V,,,"32000R2801 ",2000,642,COM,NULL,CS,NULL,,,,,
2000,12,13,"Council Regulation amending Regulation (EC) No 2505/96 opening and providing for the administration of autonomous Community tariff quotas for certain agricultural and industrial products",V,,,32000R2802,2000,694,COM,NULL,CS,NULL,,,,,
2000,12,14,"Council Regulation fixing for the 2001 fishing year the guide prices for the fishey products listed in Annexes I and II and the Community producer price for the fishery products listed in Annex III to Regulation (EC) No 104/2000",V,,,"32000R2764 ",2000,681,COM,NULL,CS,NULL,,,,,
2000,12,15,"Council Regulation amending Regulation (EC) No 2742/1999 fixing for 2000 the fishing opportunities and associated conditions for certain fish stocks and groups of fish stocks, applicable in Community waters and, for Community vessels, in waters where limitations in catch are required",V,,,"32000R2765 ",2000,762,COM,NULL,CS,NULL,,,,,
2000,12,16,"Council Regulation extending Regulation (EEC) No 1657/93 temporarily suspending the autonomous Common Customs Tariff duties on certain industrial products intended to equip the free zones of the Azores and Madeira as regards the Madeira free zone",V,,,32000R2789,2000,596,COM,NULL,CS,NULL,,,,,
2000,12,17,"Council Regulation fixing for 2001 the fishing opportunities and associated conditions for certain fish stocks and groups of fish stocks, applicable in Community waters and, for Community vessels, in waters where limitations in catch are required",V,"BE, IT",EL,"32000R2848 ",2000,773,COM,NULL,CS,NULL,,,,,
2000,12,18,"Council Decision amending Decision 95/408/EC on the conditions for drawing up, for an interim period, provisional lists of third country establishments from which Member States are authorised to import certain products of animal origin, fishery products or live bivalve molluscs",U,,,"32001D0004 ",2000,532,COM,NULL,CS,NULL,,,,,
2000,12,19,"Council Decision amending Decision 90/424/EEC on expenditure in the veterinary field",V,,,"32001D0012 ",2000,542,COM,2000,CNS,234,,,,,
2000,12,20,"Council Regulation amending Regulation (EEC) No 3493/90 laying down general rules for the grant of premiums to sheepmeat and goatmeat producers",U,,,32000R2825,2000,740,COM,NULL,CS,NULL,,,,,
2000,12,21,"Council Regulation on information and promotion actions for agricultural products on the internal market",V,,,"32000R2826 ",2000,538,COM,2000,CNS,226,,,,,
2000,12,22,"Council Decision on the granting of exceptional national aid by the authorities of the Federal Republic of Germany for the distillation of certain wine sector products",U,,,32000D0808,2000,NULL,EM,NULL,CS,NULL,,,,"AdoptionProposOrigine = Transmission Conseil = 2000-12-01.Recital: Having regard to the request made by the Government of the Federal Republic of Germany on 1 December 2000",
2000,12,23,"Council Decision on the granting of exceptional national aid by the Government of the Italian Republic for the distillation of certain wine sector products",U,,,"
32000D0809 ",2000,NULL,EM,NULL,CS,NULL,,,,"AdoptionProposOrigine = Transmission Conseil = 2000-12-06. Recital: ""Having regard to the request made by the Government of the Italian Republic on 6 December 2000""",
2000,12,24,"Council Decision on the granting of exceptional national aid by the Government of the French Republic for the distillation of certain wine sector products",U,,,"32000D0810 ",2000,NULL,EM,NULL,CS,NULL,,,,"AdoptionProposOrigine = Transmission Conseil =  2000-12-08. Recital: ""Having regard to the request made by the Government of the French Republic on 8 December 2000""",
2000,12,25,"Council Regulation amending Regulation (EEC) No 1907/90 on certain marketing standards for eggs",V,,DE,32001R0005,2000,522,COM,NULL,CS,NULL,,,,,
2000,12,26,"Council Decision establishing a Programme relating to the Community framework strategy on gender equality (2001-2005)",U,,,"32001D0051 ",2000,335-2,COM,2000,CNS,143,,,,,
2000,12,27,"Council Decision on the implementation of a programme to encourage the development, distribution and promotion of European audiovisual works (MEDIA Plus – Development, Distribution and Promotion) (2001-2005)",U,,,32000D0821,1999,658-3,COM,1999,CNS,276,,,,,
2000,12,28,"Directive of the European Parliament and of the Council on summer-time arrangements",V,,,"32000L0084 ",2000,302,COM,2000,COD,140,,,,,
2000,12,29,"Council Decision on a multiannual programme for enterprise and entrepreneurship, and in particular for small and medium-sized enterprises (SMEs) (2001-2005)",U,,,"32000D0819 ",2000,256-2,COM,2000,CNS,107,,,,,
2000,12,30,"Directive of the European Parliament and of the Council amending Council Directive 91/440/EEC on the development of the Community's railways",V,,,"32001L0012 ",1998,480-1,COM,1998,COD,265,,,,,
2000,12,31,"Directive of the European Parliament and of the Council amending Council Directive 95/18/EC on the licensing of railway undertakings",V,,,32001L0013,1998,480-2,COM,1998,COD,266,,,,,
2000,12,32,"Directive of the European Parliament and of the Council on the allocation of railway infrastructure capacity and the levying of charges for the use of railway infrastructure and safety certification",V,,,"32001L0014 ",1998,480-3,COM,1998,COD,267,,,,,
2000,12,33,"Council Decision adopting a Multiannual Community programme to stimulate the development and use of European digital content on the global networks and to promote linguistic diversity in the Information Society",U,,,"32001D0048 ",2000,323,COM,2000,CNS,128,,,,,
2000,12,34,"Regulation of the European Parliament and of the Council regarding the implementation of measures to promote economic and social development in Turkey",V,,EL,32001R0257,1998,600-2,COM,1998,COD,300,Y,,," ProcedureEcrite=Y; AdoptionConseil=2000-12-28. ; There is an error in Prelex document: it indicates that 'Council approval 2nd reading occured on 19 January 2001 but the press release relating to the Council meeting of 19-01-2001 confirms that  Council approved on 28 December 2000 by written procedure, the amendments proposed by the European Parliament on this matter at it second reading in September 2000. (see http://europa.eu/rapid/press-release_PRES-01-18_en.htm?locale=en). See email from the Commission: ""Ayant vérifié sur le site du Parlement européen confirmant que l'approbation s'est faite le 28/12/2000, j'ai modifié la date et donc ce dossier est correcte.
Effectivement, certaine décision se prenant par procédure écrite, il peut paraître dans le Press release de la session du Conseil.""",
