ReleveAnnee,ReleveMois,NoOrdre,TitreRMC,AdopCSRegleVote,AdopCSAbs,AdoptCSContre,NoCELEX,ProposAnnee,ProposChrono,ProposOrigine,NoUniqueAnnee,NoUniqueType,NoUniqueChrono,ProposSplittee,Suite2eLecturePE,"Council Path",Notes
2006,1,1,"Council Decision amending Decision 90/424/EC
on expenditure in the veterinary field",V,,,32006D0053,2005,171-2,COM,2005,CNS,63,,,,"ProposChrono in Celex document is wrong (171). 171-2 as indicated in Pre-lex document is right"
2006,1,2,"Regulation (EC) No 266/2006 of the European Parliament and of the Council of 15 February 2006 establishing accompanying measures for Sugar Protocol countries affected by the reform of the EU sugar regime",V,,,32006R0266,2005,266,COM,2005,COD,117,,,,
2006,1,3,"2006/39/EC: Council Decision of 23 January 2006 on the approval of exceptional national aid by the Republic of Cyprus to Cypriot farmers for the purpose of repaying part of agricultural debts created long before accession of Cyprus to the European Union",U,"DK, NL,SE,UK",,32006D0039,2005,NULL,EM,NULL,CS,NULL,,,,"ProposAnnee, ProposChrono,  ProposOrigine, are missing in Celex document"
2006,1,4,"2006/42/EC: Council Decision of 24 January 2006 authorising Latvia to extend the application of a measure derogating from Article 21 of the Sixth Council Directive 77/388/EEC on the harmonisation of the laws of the Member States relating to turnover taxes
",U,,,32006D0042,2005,376,COM,NULL,CS,NULL,,,,"ProposAnnee, ProposChrono and ProposOrigine are missing in Celex document"
2006,1,5,"Council Regulation (EC) No 151/2006 of 24 January 2006 amending Regulation (EC) No 2505/96 opening and providing for the administration of autonomous Community tariff quotas for certain agricultural and industrial products",V,,,32006R0151,2005,622,COM,NULL,CS,NULL,,,,"ProposAnnee, ProposChrono and ProposOrigine are missing in Celex document"
2006,1,6,"

Council Regulation (EC) No 247/2006 of 30 January 2006 laying down specific measures for agriculture in the outermost regions of the Union
",V,,"DK, SE",32006R0247,2004,687,COM,2004,CNS,247,,,,"NoUniqueType in Celex document (ACC) is wrong. CNS as indicated in Pre-lex and Œil documents is right"
2006,1,7,"Council Regulation (EC) No 300/2006 of 30 January 2006 amending Regulation (EC) No 1255/96 temporarily suspending the autonomous Common Customs Tariff duties on certain industrial, agricultural and fishery products",V,,,32006R0300,2005,638,COM,NULL,CS,NULL,,,,"ProposAnnee, ProposChrono, ProposOrigine, N°UniqueAnnee, N°UniqueType and N°UniqueChrono are missing in Celex document"
2006,1,8,"Directive 2006/11/EC of the European Parliament and of the Council of 15 February 2006 on pollution caused by certain dangerous substances discharged into the aquatic environment of the Community (Codified version) (Text with EEA relevance)
",V,IT,,32006L0011,2003,847,COM,2003,COD,333,,,,
2006,1,9,"Directive 2006/21/EC of the European Parliament and of the Council of 15 March 2006 on the management of waste from extractive industries and amending Directive 2004/35/EC - Statement by the European Parliament, the Council and the Commission
",V,,,32006L0021,2003,319,COM,2003,COD,107,,,,"ProposAnnee, ProposChrono and ProposOrigine are missing in Celex document"
2006,1,10,"Directive 2006/12/EC of the European Parliament and of the Council of 5 April 2006 on waste (Text with EEA relevance)
",V,,,32006L0012,2003,731,COM,2003,COD,283,,,,
2006,2,1,"Regulation (EC) No 561/2006 of the European Parliament and of the Council of 15 March 2006 on the harmonisation of certain social legislation relating to road transport and amending Council Regulations (EEC) No 3821/85 and (EC) No 2135/98 and repealing Council Regulation (EEC) No 3820/85 (Text with EEA relevance) - Declaration",V,,,32006R0561,2001,573,COM,2000,COD,241,,,,
2006,2,2,"Directive 2006/22/EC of the European Parliament and of the Council of 15 March 2006 on minimum conditions for the implementation of Council Regulations (EEC) No 3820/85 and (EEC) No 3821/85 concerning social legislation relating to road transport activities and repealing Council Directive 88/599/EEC (Text with EEA relevance) - Declarations
",V,,FR,32006L0022,2003,628,COM,2003,COD,255,,,,
2006,2,3,"2006/126/EC: Council Decision of 14 February 2006 amending Decisions 98/161/EC, 2004/228/EC and 2004/295/EC, as regards the extension of measures to prevent evasion of value added tax in the waste sector",U,,,32006D0126,2005,635,COM,NULL,CS,NULL,,,,"ProposAnnee, ProposChrono and ProposOrigine are missing in Celex document"
2006,2,4,"Council Directive 2006/18/EC of 14 February 2006 amending Directive 77/388/EEC with regard to reduced rates of value added tax
",U,,,32006L0018,2003,397,COM,2003,CNS,169,,,,
2006,2,5,"Council Regulation (EC) No 318/2006 of 20 February 2006 on the common organisation of the markets in the sugar sector
",V,,"EL, PL, LV",32006R0318,2005,263-1,COM,2005,CNS,118,,,,"ProposChrono in ŒIL and Celex documents (263) is wrong. 263-1 as indicated in Pre-lex document is right"
2006,2,6,"Council Regulation (EC) No 319/2006 of 20 February 2006 amending Regulation (EC) No 1782/2003 establishing common rules for direct support schemes under the common agricultural policy and establishing certain support schemes for farmers
",V,,,32006R0319,2005,263-2,COM,2005,CNS,119,,,,"ProposChrono in ŒIL and Celex documents (263) is wrong. 263-2 as indicated in Pre-lex document is right"
2006,2,7,"Council Regulation (EC) No 320/2006 of 20 February 2006 establishing a temporary scheme for the restructuring of the sugar industry in the Community and amending Regulation (EC) No 1290/2005 on the financing of the common agricultural policy
",V,,,32006R0320,2005,263-3,COM,2005,CNS,120,,,,"ProposChrono in ŒIL and Celex documents (263) is wrong. 263-3 as indicated in Pre-lex document is right"
2006,2,8,"2006/144/EC: Council Decision of 20 February 2006 on Community strategic guidelines for rural development (programming period 2007 to 2013)",V,,,32006D0144,2005,304,COM,2005,CNS,129,,,,
2006,2,9,"Regulation (EC) No 562/2006 of the European Parliament and of the Council of 15 March 2006 establishing a Community Code on the rules governing the movement of persons across borders (Schengen Borders Code)
",V,SI,HU,32006R0562,2004,391,COM,2004,COD,127,,,,
2006,2,10,"Directive 2006/24/EC of the European Parliament and of the Council of 15 March 2006 on the retention of data generated or processed in connection with the provision of publicly available electronic communications services or of public communications networks and amending Directive 2002/58/EC",V,,"IE, SK",32006L0024,2005,438,COM,2005,COD,182,,,,
2006,2,11,"Council Regulation (EC) No 388/2006 of 23 February 2006 establishing a multiannual plan for the sustainable exploitation of the stock of sole in the Bay of Biscay",V,,,32006R0388,2003,819,COM,2003,CNS,327,Y,,,"Two different Celex references on Pre-lex document (32006R0388 and 32007R0509) since this a splitted proposition.  32006R0388 is correct.  ProposAnnee, ProposChrono, ProposOrigine, NoUniqueAnnee, NoUniqueType and NoUniqueChrono are missing in Celex document"
2006,2,12,"Directive 2006/25/EC of the European Parliament and of the Council of 5 April 2006 on the minimum health and safety requirements regarding the exposure of workers to risks arising from physical agents (artificial optical radiation) (19th individual Directive within the meaning of Article 16(1) of Directive 89/391/EEC)",V,,,32006L0025,1992,560,COM,1992,COD,449B,Y,,,"Four different Celex references on Pre-lex document since this is a splitted proposition. 32006L0025 is correct. 32004L0040, 32003L0010 and 32002L0044 refer to previous acts. "
2006,2,13,"2006/181/EC: Council Decision of 27 February 2006 authorising the Kingdom of the Netherlands to apply a measure derogating from Article 11 of the Sixth Directive 77/388/EEC on the harmonisation of the laws of the Member States relating to turnover taxes
",U,,,32006D0181,2005,285,COM,NULL,CS,NULL,,,,"ProposAnnee, ProposChrono, ProposOrigine, N°UniqueAnnee, N°UniqueType and N°UniqueChrono are missing in Celex document"
2006,2,14,"Directive 2006/23/EC of the European Parliament and of the Council of
5 April 2006 on a Community air traffic controller licence",SM,,,32006L0023,2004,473,COM,2004,COD,146,,Y,,"This act comes from the ADD summary"
2006,3,1,"Council Regulation (EC) No 426/2006 of 9 March 2006 amending Annex I to Regulation (EEC) No 2658/87 on the tariff and statistical nomenclature and on the Common Customs Tariff
",U,,,32006R0426,2005,640,COM,NULL,CS,NULL,,,,"ProposAnnee, ProposChrono, ProposOrigine, N°UniqueAnnee, N°UniqueType and N°UniqueChrono are missing in Celex document"
2006,3,2,"Regulation (EC) No 629/2006 of the European Parliament and of the Council of 5 April 2006 amending Council Regulation (EEC) No 1408/71 on the application of social security schemes to employed persons, to self-employed persons and to members of their families moving within the Community and Council Regulation (EEC) No 574/72 laying down the procedure for implementing Regulation (EEC) No 1408/71 (Text with EEA relevance)
",V,,,32006R0629,2004,830,COM,2004,COD,284,,,,"NoUniqueType in Celex document (CNS) is wrong. COD, as indicated in Pre-lex and ŒIL documents is correct"
2006,3,3,"Directive 2006/31/EC of the European Parliament and of the Council of 5 April 2006 amending directive 2004/39/EC on markets in financial instruments, as regards certain deadlines (Text with EEA relevance)",V,,,32006L0031,2005,253,COM,2005,COD,111,,,,"ŒIL PATH on Pre-lex document does not work since there is a mistake in Pre-lex document as to NoUniqueChrono. The right NoUniqueChrono is not 11, but 111 as indicated in ŒIL and Celex documents. ProposAnnee, ProposChrono and ProposOrigine in Celex document are missing"
2006,3,4,"Directive 2006/32/EC of the European Parliament and of the Council of 5 April 2006 on energy end-use efficiency and energy services and repealing Council Directive 93/76/EEC (Text with EEA relevance)",V,,,32006L0032,2003,739,COM,2003,COD,300,,,," PRoposAnnee, ProposChrono and ProposOrigine are missing in Celex document."
2006,3,5,"Council Regulation (EC) No 456/2006 of 20 March 2006 correcting Regulation (EC) No 1786/2003 on the common organisation of the market in dried fodder",V,,,32006R0456,2005,572,COM,2005,CNS,225,,,,
2006,3,6,"Council Regulation (EC) No 510/2006 of 20 March 2006 on the protection of geographical indications and designations of origin for agricultural products and foodstuffs
",V,,NL,32006R0510,2005,698,COM,2005,CNS,275,,,,
2006,3,7,"Council Regulation (EC) No 509/2006 of 20 March 2006 on agricultural products and foodstuffs as traditional specialities guaranteed
",V,,NL,32006R0509,2005,694,COM,2005,CNS,270,,,,
2006,3,8,"Directive 2006/38/EC of the European Parliament and of the Council of 17 May 2006 amending Directive 1999/62/EC on the charging of heavy goods vehicles for the use of certain infrastructures
",V,"EE, FI, EL","PT, MT",32006L0038,2003,448,COM,2003,COD,175,,,,"Proposchrono in Celex document (488) is wrong. 448 as indicated in Prelex and ŒIL documents is correct "
2006,4,1,"Council Regulation (EC) No 700/2006 of 25 April 2006 repealing Regulation (EC) No 3690/93 establishing a Community system laying down rules for the minimum information to be contained in fishing licences",V,,,32006R0700,2005,499,COM,2005,CNS,205,,,,
2006,4,2,"Directive 2006/44/EC of the European Parliament and of the Council of 6 September 2006 on the quality of fresh waters needing protection or improvement in order to support fish life   (Text with EEA relevance)",V,,,32006L0044,2004,19,COM,2004,COD,2,,,,
2006,4,3,"Directive 2006/42/EC of the European Parliament and of the Council of 17 May 2006 on machinery, and amending Directive 95/16/EC (recast) (Text with EEA relevance)
",V,,,32006L0042,2000,899,COM,2001,COD,4,,,,
2006,4,4,"Directive 2006/43/EC of the European Parliament and of the Council of  17 May 2006  on statutory audits of annual accounts and consolidated accounts, amending Council Directives 78/660/EEC and 83/349/EEC and repealing Council Directive 84/253/EEC   (Text with EEA relevance)",V,,,32006L0043,2004,177,COM,2004,COD,65,,,," ProposAnnee, ProposChrono and ProposOrigine are missing in Celex document"
2006,4,5,"Directive 2006/40/EC of the European Parliament and of the Council of  17 May 2006  relating to emissions from air conditioning systems in motor vehicles and amending Council Directive 70/156/EEC   (Text with EEA relevance)",V,,,32006L0040,2003,492,COM,2003,COD,189B,Y,,,"This is a splitted proposition. THE ŒIL PATH on Pre-lex document does not work"
2006,4,6,"Regulation (EC) No 842/2006 of the European Parliament and of the Council of  17 May 2006  on certain fluorinated greenhouse gases   (Text with EEA relevance)",V,,,32006R0842,2003,492,COM,2003,COD,189A,Y,,,"Two different Celex references on Pre-lex document (32006R0842 and 32006L0040) since this a splitted proposition. 32006L0040 refers to the previous act. 32006R0842 is correct. ŒIL PATH on Pre-lex document does not work. NoUniqueChrono in Pre-lex and Celex documents (189) is wrong. 189A as indicated in OEIL document is correct."
2006,4,7,"Council Regulation (EC) No 679/2006 of  25 April 2006  amending Regulations (EEC) No 2771/75 and (EEC) No 2777/75 as regards the application of exceptional market support measures",V,,,32006R0679,2006,153,COM,2006,CNS,55,,,,
2006,4,8,"Regulation (EC) No 816/2006 of the European Parliament and of the Council of  17 May 2006  on compulsory licensing of patents relating to the manufacture of pharmaceutical products for export to countries with public health problems",V,DE,,32006R0816,2004,737,COM,2004,COD,258,,,,
2006,4,9,"Decision No 771/2006/EC of the European Parliament and of the Council of  17 May 2006  establishing the European Year of Equal Opportunities for All (2007) ? towards a just society   (Text with EEA relevance)",V,,,32006D0771,2005,225,COM,2005,COD,107,,,,"ProposAnnee, ProposChrono, ProposOrigine, N°UniqueAnnee, N°UniqueType and N°UniqueChrono are missing in Celex document"
2006,5,1,"2006/387/EC: Council Decision of  15 May 2006  authorising the Kingdom of Spain to apply a measure derogating from Article 11 and Article 28e of the Sixth Directive 77/388/EEC on the harmonisation of the laws of the Member States relating to turnover taxes",U,,,32006D0387,2005,697,COM,NULL,CS,NULL,,,,"ProposAnnee, ProposChrono, ProposOrigine, N°UniqueAnnee, N°UniqueType and N°UniqueChrono are missing in Celex document"
2006,5,2,"2006/389/EC: Council Decision of  15 May 2006  authorising the Republic of Lithuania to apply a measure derogating from Article 11 and Article 28e of the Sixth Directive 77/388/EEC on the harmonisation of the laws of the Member States relating to turnover taxes",U,,,32006D0389,2005,581,COM,NULL,CS,NULL,,,,"ProposAnnee, ProposChrono, ProposOrigine, N°UniqueAnnee, N°UniqueType and N°UniqueChrono are missing in Celex document"
2006,5,3,"2006/388/EC: Council Decision of  15 May 2006  authorising the Republic of Lithuania to apply a measure derogating from Article 21 of the Sixth Directive 77/388/EEC on the harmonisation of the laws of the Member States relating to turnover taxes",U,,,32006D0388,2005,704,COM,NULL,CS,NULL,,,,"ProposAnnee, ProposChrono, ProposOrigine, N°UniqueAnnee, N°UniqueType and N°UniqueChrono are missing in Celex document"
2006,5,4,"Council Regulation (EC) No 797/2006 of  22 May 2006  amending Regulation (EC) No 1785/2003 as regards the arrangements for importing rice",V,,,32006R0797,2006,98,COM,2006,CNS,28,,,,
2006,5,5,"Council Regulation (EC) No 861/2006 of  22 May 2006  establishing Community financial measures for the implementation of the common fisheries policy and in the area of the Law of the Sea",V,,,32006R0861,2005,117,COM,2005,CNS,45,,,,
2006,5,6,"Directive 2006/46/EC of the European Parliament and of the Council of 14 June 2006 amending Council Directives 78/660/EEC on the annual accounts of certain types of companies, 83/349/EEC on consolidated accounts, 86/635/EEC on the annual accounts and consolidated accounts of banks and other financial institutions and 91/674/EEC on the annual accounts and consolidated accounts of insurance undertakings   (Text with EEA relevance)",V,,,32006L0046,2004,725,COM,2004,COD,250,,,,
2006,5,7,"Regulation (EC) No 1013/2006 of the European Parliament and of the Council of  14 June 2006  on shipments of waste",V,,,32006R1013,2003,379,COM,2003,COD,139,,,,
2006,6,1,"2006/440/EC: Council Decision of  1 June 2006  amending Annex 12 to the Common Consular Instructions and Annex 14a to the Common Manual on the fees to be charged corresponding to the administrative costs of processing visa applications",V,,"EL, SE, HU",32006D0440,2005,5,JAI,NULL,CS,NULL,,,,"ProposAnnee, ProposChrono, ProposOrigine, N°UniqueAnnee, N°UniqueType and N°UniqueChrono are missing in Celex document"
2006,6,2,"Decision No 895/2006/EC of the European Parliament and of the Council of  14 June 2006  introducing a simplified regime for the control of persons at the external borders based on the unilateral recognition by the Czech Republic, Estonia, Cyprus, Latvia, Lithuania, Hungary, Malta, Poland, Slovenia and Slovakia of certain documents as equivalent to their national visas for the purposes of transit through their territories",V,,,32006D0895,2005,381-1,COM,2005,COD,158,,,,"ProposChrono in ŒIL and Celex documents is wrong (381). 381-1 as indicated in Pre-lex document is correct"
2006,6,3,"Decision No 896/2006/EC of the European Parliament and of the Council of  14 June 2006  establishing a simplified regime for the control of persons at the external borders based on the unilateral recognition by the Member States of certain residence permits issued by Switzerland and Liechtenstein for the purpose of transit through their territory",V,,,32006D0896,2005,381-2,COM,2005,COD,159,,,,"ProposChrono in ŒIL document is wrong (381). 381-2 as indicated in Pre-lex document is correct. ProposAnnee, ProposChrono and ProposOrigine are missing in Celex document"
2006,6,4,"Council Regulation (EC) No 941/2006 of  1 June 2006  amending Regulation (EC) No 51/2006, as concerns blue whiting and herring",V,,,32006R0941,2006,144,COM,NULL,CS,NULL,,,,"ProposAnnee, ProposChrono, ProposOrigine, N°UniqueAnnee, N°UniqueType and N°UniqueChrono are missing in Celex document"
2006,6,5,"Directive 2006/52/EC of the European Parliament and of the Council of  5 July 2006  amending Directive 95/2/EC on food additives other than colours and sweeteners and Directive 94/35/EC on sweeteners for use in foodstuffs",V,,"BE, DK, NL",32006L0052,2004,650,COM,2004,COD,237,,,,
2006,6,6,"Directive 2006/48/EC of the European Parliament and of the Council of  14 June 2006  relating to the taking up and pursuit of the business of credit institutions (recast)   (Text with EEA relevance)",V,,,32006L0048,2004,486-1,COM,2004,COD,155,,,,"ProposChrono in ŒIL and Celex documents is wrong (486). 486-1 as indicated in Pre-lex document is correct"
2006,6,7,"Directive 2006/49/EC of the European Parliament and of the Council of  14 June 2006  on the capital adequacy of investment firms and credit institutions (recast)",V,,,32006L0049,2004,486-2,COM,2004,COD,159,,,,"ProposChrono in ŒIL document is wrong (486). 486-2 as indicated in Pre-lex document is correct. ProposAnnee, ProposChrono, ProposOrigine, NoUniqueAnnee, NoUniqueType and NoUniqueChrono are missing in Celex document"
2006,6,8,"Regulation (EC) No 1107/2006 of the European Parliament and of the Council of  5 July 2006  concerning the rights of disabled persons and persons with reduced mobility when travelling by air   (Text with EEA relevance)",V,,,32006R1107,2005,47,COM,2005,COD,7,,,,
2006,6,9,"Council Regulation (EC) No 1463/2006 of 19 June 2006 adapting Regulation (EC) No 1698/2005 on support for rural development by the European Agricultural Fund for Rural Development (EAFRD) by reason of the accession of Bulgaria and Romania to the European Union",V,,,32006R1463,2006,149,COM,NULL,CS,NULL,,,,"ProposAnnee, ProposChrono, ProposOrigine, N°UniqueAnnee, N°UniqueType and N°UniqueChrono are missing in Celex document"
2006,6,10,"Council Regulation (EC) No 1029/2006 of  19 June 2006  amending Regulation (EEC) No 1906/90 on certain marketing standards for poultrymeat",V,,,32006R1029,2006,90,COM,NULL,CS,NULL,,,,"ProposAnnee, ProposChrono, ProposOrigine, N°UniqueAnnee, N°UniqueType and N°UniqueChrono are missing in Celex document"
2006,6,11,"Council Regulation (EC) No 1028/2006 of  19 June 2006  on marketing standards for eggs",V,,,32006R1028,2006,89,COM,NULL,CS,NULL,,,,"ProposAnnee, ProposChrono, ProposOrigine, N°UniqueAnnee, N°UniqueType and N°UniqueChrono are missing in Celex document"
2006,6,12,"Council Regulation (EC) No 953/2006 of  19 June 2006  amending Regulation (EC) No 1673/2000, as regards the processing aid for flax and hemp grown for fibre, and Regulation (EC) No 1782/2003, as regards hemp eligible for the single payment scheme",V,CZ,,32006R0953,2006,125-2,COM,2006,CNS,43,,,,"ProposChrono in ŒIL document (125) is wrong. 125-2 as indicated in Pre-lex document is correct. ProposAnnee, ProposChrono and ProposOrigine are missing in Celex document"
2006,6,13,"2006/493/EC: Council Decision of  19 June 2006  laying down the amount of Community support for rural development for the period from  1 January 2007  to  31 December 2013 , its annual breakdown and the minimum amount to be concentrated in regions eligible under the Convergence Objective",V,,CY,32006D0493,2006,238,COM,NULL,CS,NULL,,,,"ProposAnnee, ProposChrono, ProposOrigine, N°UniqueAnnee, N°UniqueType and N°UniqueChrono are missing in Celex document"
2006,6,14,"Council Regulation (EC) No 1368/2006 of 27 June 2006 amending Regulation (EC) No 1035/2001 establishing a catch documentation scheme for Dissostichus spp.",V,UK,,32006R1368,2004,528,COM,2004,CNS,179,,,,
2006,6,15,"Council Regulation (EC) No 962/2006 of  27 June 2006  amending Regulation (EC) No 2505/96 opening and providing for the administration of autonomous Community tariff quotas for certain agricultural and industrial products",V,,,32006R0962,2006,176,COM,NULL,CS,NULL,,,,"ProposAnnee, ProposChrono, ProposOrigine, N°UniqueAnnee, N°UniqueType and N°UniqueChrono are missing in Celex document"
2006,6,16,"Council Regulation (EC) No 963/2006 of  27 June 2006  amending Regulation (EC) No 1255/96 temporarily suspending the autonomous Common Customs Tariff duties on certain industrial, agricultural and fishery products",V,,,32006R0963,2006,204,COM,NULL,CS,NULL,,,,"ProposAnnee, ProposChrono, ProposOrigine, N°UniqueAnnee, N°UniqueType and N°UniqueChrono are missing in Celex document"
2006,6,17,"Council Directive 2006/58/EC of  27 June 2006  amending Council Directive 2002/38/EC as regards the period of application of the value added tax arrangements applicable to radio and television broadcasting services and certain electronically supplied services",U,,,32006L0058,2006,210-1,COM,2006,CNS,69,,,,"ŒIL PATH on Pre-lex document does not work. ProposAnnee, ProposChrono and ProposOrigine are missing on Celex document"
2006,6,18,"Regulation (EC) No 1366/2006 of the European Parliament and of the Council of 6 September 2006 amending Regulation (EC) No 2037/2000 as regards the base year for the allocation of quotas of hydrochlorofluorocarbons with respect to the Member States that acceded to the European Union on 1 May 2004",V,HU,,32006R1366,2004,550,COM,2004,COD,296,,,,"ProposAnnee, ProposChrono and ProposOrigine are missing in ŒIL document. "
2006,6,19,"Directive 2006/54/EC of the European Parliament and of the Council of 5 July 2006 on the implementation of the principle of equal opportunities and equal treatment of men and women in matters of employment and occupation (recast)",V,,,32006L0054,2004,279,COM,2004,COD,84,,Y,,"this act comes from the ADD summary. "
2006,7,1,"2006/503/EC: Council Decision of 11 July 2006 amending Decision 2005/231/EC authorising Sweden to apply a reduced rate of taxation to electricity consumed by certain households and service sector companies in accordance with Article 19 of Directive 2003/96/EC",U,,,32006D0503,2006,198,COM,NULL,CS,NULL,,,,"ProposAnnee, ProposChrono, ProposOrigine,  are missing in Celex document"
2006,7,2,"Council Decision on guidelines for the
employment policies of the Member States",V,,,32006D0544,2006,32,COM,2006,CNS,10,,,,
2006,7,3,"Council Regulation (EC) No 1195/2006 of 18 July 2006 amending Annex IV to Regulation (EC) No 850/2004 of the European Parliament and of the Council on persistent organic pollutants (Text with EEA relevance)",V,,,32006R1195,2006,242,COM,NULL,CS,NULL,,,,"ProposAnnee, ProposChrono, ProposOrigine, NoUniqueAnnee, NoUniqueType and NoUniqueChrono are missing on Celex document"
2006,7,4,"Regulation (EC) No 1367/2006 of the European Parliament and of the Council of 6 September 2006 on the application of the provisions of the Aarhus Convention on Access to Information, Public Participation in Decision-making and Access to Justice in Environmental Matters to Community institutions and bodies",V,BE,,32006R1367,2003,622,COM,2003,COD,242,,,,
2006,7,5,"Directive 2006/66/EC of the European Parliament and of the Council of 6 September 2006 on batteries and accumulators and waste batteries and accumulators and repealing Directive 91/157/EEC (Text with EEA relevance)",V,,,32006L0066,2003,723,COM,2003,COD,282,,,,"ProposAnnee, ProposChrono, ProposOrigine are missing on Celex document"
2006,7,6,"Council Decision 2006/631/JHA of 24 July 2006 fixing the date of application of certain provisions of Decision 2005/211/JHA concerning the introduction of some new functions for the Schengen Information System, including in the fight against terrorism",U,,,32006D0631,2006,11336,CONS,NULL,CS,NULL,,,http://register.consilium.europa.eu/pdf/en/06/st11/st11336.en06.pdf,"ProposAnnee, ProposChrono and ProposOrigine are missing on Celex document."
2006,7,7,"2006/628/EC: Council Decision of 24 July 2006 fixing the date of application of Article 1(4) and (5) of Regulation (EC) No 871/2004 concerning the introduction of some new functions for the Schengen Information System, including in the fight against terrorism",U,,,32006D0628,2006,11337,CONS,NULL,CS,NULL,,,http://register.consilium.europa.eu/pdf/en/06/st11/st11337.en06.pdf,"ProposAnnee, ProposChrono and ProposOrigine are missing on Celex document. "
2006,7,8,"Council Decision 2006/560/JHA of 24 July 2006 amending Decision 2003/170/JHA on the common use of liaison officers posted abroad by the law enforcement agencies of the Member States",U,,,32006D0560,2005,4,JAI,2005,CNS,808,,,,"ProposAnnee, ProposChrono and ProposOrigine are missing on ŒIL document. PrposAnnee, ProposChrono, ProposOrigine, NoUniqueAnnee, NoUniqueType and NoUniqueChrono are missing on Celex document. Two N°Celex on Pre-lex document (32006D0560 and 32006D560). 32006D0560 is correct."
2006,7,9,"Council Directive 2006/69/EC of 24 July 2006 amending Directive 77/388/EEC as regards certain measures to simplify the procedure for charging value added tax and to assist in countering tax evasion or avoidance, and repealing certain Decisions granting derogations",U,,,32006L0069,2005,89,COM,2005,CNS,19,,,,"N°Celex on Pre-lex document is missing. ProposAnnee, ProposChrono, ProposOrigine, NoUniqueAnnee, NoUniqueType and NoUniqueChrono are missing on Celex document"
2006,7,10,"Council Regulation (EC) No 1185/2006 of 24 July 2006 denouncing the Agreement between the European Economic Community and the Government of the People’s Republic of Angola on fishing off Angola and derogating from Regulation (EC) No 2792/1999",V,,,"32006R1185 ",2005,677,COM,2005,CNS,262,,,,
2006,7,11,"Council Directive 2006/67/EC of 24 July 2006 imposing an obligation on Member States to maintain minimum stocks of crude oil and/or petroleum products (Codified version) (Text with EEA relevance)",U,,,32006L0067,2004,35,COM,2004,CNS,4,,,,"NoCelex on Pre-lex document is missing. The ŒIL PATH on Pre-lex document does not work. There is indeed a mistake on Pre-lex document as to NoUniqueChrono. 47 is wrong. 4, as indicated in Celex document, is correct"
2006,7,12,"Council Regulation (EC) No 1183/2006 of 24 July 2006 concerning the Community scale for the classification of carcasses of adult bovine animals (codified version)",V,,,32006R1183,2005,402,COM,2005,CNS,171,,,,
2006,7,13,"Council Regulation (EC) No 1184/2006 of 24 July 2006 applying certain rules of competition to the production of, and trade in, agricultural products (Codified version)",V,,,32006R1184,2005,613,COM,2005,CNS,231,,,,
2006,7,14,"Regulation (EC) No 1365/2006 of the European Parliament and of the Council of 6 September 2006 on statistics of goods transport by inland waterways and repealing Council Directive 80/1119/EEC",V,,,32006R1365,2005,366,COM,2005,COD,150,,,,
2006,7,15,"Decision No 1364/2006/EC of the European Parliament and of the Council of 6 September 2006 laying down guidelines for trans-European energy networks and repealing Decision 96/391/EC and Decision No 1229/2003/EC",V,,,32006D1364,2003,742,COM,2003,COD,297,,,,
2006,7,16,"Directive 2006/68/EC of the European Parliament and of the Council of 6 September 2006 amending Council Directive 77/91/EEC as regards the formation of public limited liability companies and the maintenance and alteration of their capital (Text with EEA relevance)",V,,,32006L0068,2004,730,COM,2004,COD,256,,,,
2006,7,17,"Council Regulation (EC) No 1198/2006 of 27 July 2006 on the European Fisheries Fund",V,"BE, PL",,32006R1198,2004,497,COM,2004,CNS,169,,,,
2006,7,18,"Regulation (EC) No 1081/2006 of the European Parliament and of the Council of 5 July 2006 on the European Social Fund and repealing Regulation (EC) No 1784/1999",V,,,32006R1081,2004,493,COM,2004,COD,165,,Y,,"This act comes from the ADD summary. ProposAnnee in Celex document (2006) is wrong. 2004 as indicated on ŒIL and Pre-lex document is correct"
2006,7,19,"Regulation (EC) No 1080/2006 of the European Parliament and of the
Council of 5 July 2006 on the European Regional Development Fund
and repealing Regulation (EC) No 1783/1999",V,,,32006R1080,2004,495,COM,2004,COD,167,,Y,,"This act comes from the ADD summary. "
2006,7,20,"Regulation (EC) No 1082/2006 of the European Parliament and of the
Council of 5 July 2006 on a European grouping of territorial
cooperation (EGTC)",V,,,32006R1082,2004,496,COM,2004,COD,168,,Y,,"This act comes from the ADD summary. "
2006,9,1,"Council Regulation (EC) No 1405/2006 of 18 September 2006 laying down specific measures for agriculture in favour of the smaller Aegean islands and amending Regulation (EC) No 1782/2003",V,,,32006R1405,2006,264,COM,2006,CNS,93,,,,
2006,9,2,"Council Regulation (EC) No 1406/2006 of 18 September 2006 amending Regulation (EC) No 1788/2003 establishing a levy in the milk and milk products sector",V,,,32006R1406,2006,330,COM,2006,CNS,108,,,,
2006,9,3,"Decision No 1673/2006/EC of the European Parliament and of the Council of 24 October 2006 on the financing of European standardisation",V,,,32006D1673,2005,377,COM,2005,COD,157,,,,
2006,9,4,"Council Regulation (EC) No 1419/2006 of 25 September 2006 repealing Regulation (EEC) No 4056/86 laying down detailed rules for the application of Articles 85 and 86 of the Treaty to maritime transport, and amending Regulation (EC) No 1/2003 as regards the extension of its scope to include cabotage and international tramp services (Text with EEA relevance)",V,,,32006R1419,2005,651,COM,2005,CNS,264,,,,
2006,9,5,"2006/659/EC: Council Decision of 25 September 2006 authorising the United Kingdom to introduce a special measure derogating from Articles 5(6) and 11(A)(1)(b) of Directive 77/388/EEC on the harmonisation of the laws of the Member States relating to turnover taxes",U,,,32006D0659,2006,280,COM,NULL,CS,NULL,,,,"ProposAnnee, ProposChrono, ProposOrigine, NoUniqueAnnee, NoUniqueType and NoUniqueChrono are missing in Celex document"
2006,9,6,"Decision No 1622/2006/EC of the European Parliament and of the Council of 24 October 2006 establishing a Community action for the European Capital of Culture event for the years 2007 to 2019",V,,,32006D1622,2005,209,COM,2005,COD,102,,,,
2006,9,7,"Decision No 1672/2006/EC of the European Parliament and of the
Council of 24 October 2006 establishing a Community Programme for
Employment and Social Solidarity - Progress",V,,,32006D1672,2004,488,COM,2004,COD,158,,Y,,"This act comes from the ADD summary. "
2006,10,1,"Council Framework Decision 2006/783/JHA of 6 October 2006 on the application of the principle of mutual recognition to confiscation orders",U,,,32006F0783,2002,22,JAI,2002,CNS,816,,,,"N°Celex on the top-right of Pre-lex document is missing. See at the bottom. ProposAnnee, ProposChrono and ProposOrigine are missing on ŒIL document. ProposAnnee, ProposChrono, ProposOrigine, NoUniqueAnnee, NoUniqueType and NoUniqueChrono are missing in Celex document"
2006,10,2,"2006/688/EC: Council Decision of 5 October 2006 on the establishment of a mutual information mechanism concerning Member States' measures in the areas of asylum and immigration",V,,,32006D0688,2005,480,COM,2005,CNS,204,,,,
2006,10,3,"2006/684/EC: Council Decision of 5 October 2006 amending Annex 2, Schedule A, to the Common Consular Instructions on the visa requirements for holders of Indonesian diplomatic and service passports",V,,,32006D0684,2006,NULL,EM,NULL,CS,NULL,,,," At the request of the Belgian, Luxembourg and Dutch governments"
2006,10,4,"Council Directive 2006/79/EC of 5 October 2006 on the exemption from taxes of imports of small consignments of goods of a non-commercial character from third countries (codified version)",U,,,32006L0079,2006,12,COM,2006,CNS,7,,,,
2006,10,5,"Council Regulation (EC) No 1544/2006 of 5 October 2006 laying down special measures to encourage silkworm rearing (Codified version)",V,,,32006R1544,2006,4,COM,2006,CNS,3,,,,
2006,10,6,"Regulation (EC) No 1931/2006 of the European Parliament and of the Council of 20 December 2006 laying down rules on local border traffic at the external land borders of the Member States and amending the provisions of the Schengen Convention",V,,,32006R1931,2005,56,COM,2005,COD,6,,,,"ProposAnnee, ProposChrono and ProposOrigine are missing on Celex document"
2006,10,7,"Council Regulation (EC) No 1532/2006 of 12 October 2006 on the conditions for certain import quotas of high quality beef",V,,,32006R1532,2006,455,COM,2006,ACC,155,,,,"The title of the act on pre-lex document is missing"
2006,10,8,"Regulation (EC) No 1692/2006 of the European Parliament and of the Council of 24 October 2006 establishing the second Marco Polo programme for the granting of Community financial assistance to improve the environmental performance of the freight transport system (Marco Polo II) and repealing Regulation (EC) No 1382/2003 (Text with EEA relevance)",V,,,32006R1692,2004,478,COM,2004,COD,157,,,,
2006,10,9,"Decision No 1639/2006/EC of the European Parliament and of the Council of 24 October 2006 establishing a Competitiveness and Innovation Framework Programme (2007 to 2013)",V,,,32006D1639,2005,121,COM,2005,COD,50,,,,
2006,10,10,"Regulation of the European Parliament and of the
Council on the addition of vitamins and minerals
and of certain other substances to foods",V,,DK,32006R1925,2003,671,COM,2003,COD,262,,,,"PRoposChrono on Celex document (262) is wrong. 671, as indicated in Pre-lex and Œil documents, is correct"
2006,10,11,"Regulation (EC) No 1924/2006 of the European Parliament and of the Council of 20 December 2006 on nutrition and health claims made on foods",V,"IE, NL","DK, SE",32006R1924,2003,424,COM,2003,COD,165,,,,
2006,10,12,"Regulation (EC) No 1638/2006 of the European Parliament and of the Council of 24 October 2006 laying down general provisions establishing a European Neighbourhood and Partnership Instrument",V,,,32006R1638,2004,628,COM,2004,COD,219,,,,
2006,10,13,"2006/87/EC Directive of the European Parliament and of the Council of 12 December 2006 laying down technical requirements for inland waterway vessels and repealing Council Directive 82/714/EEC",V,,,32006L0087,1997,644,COM,1997,COD,335,,,,"ŒIL PATH on pre-lex document does not work. There is indeed a mistake in NoUniqueChrono in Pre-lex document. IT's not 35, but 335, as indicated in Celex document"
2006,10,14,"Regulation (EC) No 1901/2006 of the European Parliament and of the Council of 12 December 2006 on medicinal products for paediatric use and amending Regulation (EEC) No 1768/92, Directive 2001/20/EC, Directive 2001/83/EC and Regulation (EC) No 726/2004 (Text with EEA relevance)",V,,,32006R1901,2004,599,COM,2004,COD,217,,,,"Two NoUniqueChrono in Celex document (217 and 599). 217, as indicated in Pre-lex and Œil documents, is correct"
2006,10,15,"Regulation (EC) No 1899/2006 of the European Parliament and of the Council  amending Council Regulation (EEC) No 3922/91 on the harmonisation of technical requirements and administrative procedures in the field of civil aviation (Text with EEA relevance)",V,SE,,32006R1899,2000,121,COM,2000,COD,69,,,,
2006,10,16,"Council Regulation (EC) No 1582/2006 of 24 October 2006 amending Regulation (EEC) No 1907/90, as regards the derogation on egg washing",V,,,32006R1582,2006,457,COM,NULL,CS,NULL,,,,"ProposAnnee, ProposChrono, ProposOrigine, NoUniqueAnnee, NoUniqueType and NoUniqueChrono are missing on Celex document"
2006,10,17,"Council Directive 2006/88/EC of 24 October 2006 on animal health requirements for aquaculture animals and products thereof, and on the prevention and control of certain diseases in aquatic animals",V,,,32006L0088,2005,362-1,COM,2005,CNS,153,,,,"ProposChrono in ŒIL and Celex documents (362) is wrong. 362-1 as indicated in Pre-lex document is correct"
2006,10,18,"2006/782/EC: Council Decision of 24 October 2006 amending Decision 90/424/EEC on expenditure in the veterinary field",V,,,32006D0782,2005,362-2,COM,2005,CNS,154,,,,"NoCelex on Pre-lex document is missing. ProposChrono in ŒIL and Celex documents is wrong (362). 362-2 as indicated in Pre-lex document is correct"
2006,10,19,"Council Regulation (EC) No 1617/2006 of 24 October 2006 amending Regulation (EC) No 1207/2001 as regards the consequences of the introduction of the system of pan-Euro-Mediterranean cumulation of origin",V,,,"32006R1617 ",2006,361,COM,2006,ACC,119,,,,
2006,10,20,"Council Regulation (EC) No 1591/2006 of 24 October 2006 amending Regulation (EC) No 51/2006 as regards provisions on vessels engaged in illegal, unreported and unregulated fisheries in the North-East Atlantic",V,,,32006R1591,2006,461,COM,NULL,CS,NULL,Y,,,"Two Celex references in Pre-lex document since this is a splitted proposition (32006R1591 and 32006R1782). 32006R1591 is correct. ProposAnnee, ProposChrono, ProposOrigine are missing on Celex document"
2006,10,21,"Decision No 1718/2006/EC of the European Parliament and of the
Council of 15 November 2006 concerning the implementation of a
programme of support for the European audiovisual sector
(MEDIA 2007)",V,,,32006D1718,2004,470,COM,2004,COD,151,,Y,,"This act comes from the ADD summary. "
2006,10,22,"Decision No 1719/2006/EC of the European Parliament and of the
Council of 15 November 2006 establishing the Youth in Action
programme for the period 2007 to 2013",V,,,32006D1719,2004,471,COM,2004,COD,152,,Y,,"This act comes from the ADD summary. "
2006,10,23,"Decision No 1720/2006/EC of the European Parliament and of the
Council of 15 November 2006 establishing an action programme in the
field of lifelong learning",V,,,32006D1720,2004,474,COM,2004,COD,153,,Y,,"This act comes from the ADD summary. "
2006,11,1,"2006/774/EC: Council Decision of 7 November 2006 authorising certain Member States to apply a reduced rate of VAT to certain labour-intensive services in accordance with the procedure provided for in Article 28(6) of Directive 77/388/EEC",U,,,32006D0774,2006,410,COM,NULL,CS,NULL,,,,"ProposAnnee, ProposChrono and ProposOrigine are missing in Celex document"
2006,11,2,"Council Regulation (EC) No 1647/2006 of 7 November 2006 amending Regulation (EC) No 974/98 on the introduction of the euro",U,,,32006R1647,2006,320-2,COM,2006,CNS,109,,,,"ProposChrono in ŒIL and Celex documents (320) is wrong. 320-2 as indicated on Pre-lex document is correct"
2006,11,3,"Council Directive 2006/91/EC of 7 November 2006 on control of San José Scale (Codified version)
",V,,,32006L0091,2006,123,COM,2006,CNS,40,,,,"Two NoUnique Chrono on Celex document (40 and 123). 40 is correct"
2006,11,4,"Council Regulation (EC) No 1667/2006 of 7 November 2006 on glucose and lactose (Codified version)",U,,,32006R1667,2006,116,COM,2006,CNS,38,,,,"NoUniqueChrono on Celex document (003) is wrong. 38 as indicated on ŒIL document is correct"
2006,11,5,"Council Regulation (EC) No 1646/2006 of 7 November 2006 amending Regulation (EC) No 639/2004 on the management of fishing fleets registered in the Community outermost regions",V,,,32006R1646,2006,433,COM,2006,CNS,148,,,,
2006,11,6,"Regulation (EC) No 1781/2006 of the European Parliament and of the Council of 15 November 2006 on information on the payer accompanying transfers of funds   (Text with EEA relevance)",V,"DE, FR",,32006R1781,2005,343,COM,2005,COD,138,,,,
2006,11,7,"Regulation (EC) No 1717/2006 of the European Parliament and of the Council of 15 November 2006 establishing an Instrument for Stability",V,,,32006R1717,2004,630,COM,2004,COD,223,Y,,,"Two Celex References on Pre-lex document (32006R1717 and 32007R0300) since this is a splitted proposition. The right one is 32006R1717"
2006,11,8,"2006/789/EC: Council Decision of 13 November 2006 on consultation and information procedures in matters of credit insurance, credit guarantees and financial credits (Codified version)",V,,,32006D0789,2004,159,COM,2004,CNS,56,,,,
2006,11,9,"Directive 2006/93/EC of the European Parliament and of the Council of 12 December 2006 on the regulation of the operation of aeroplanes covered by Part II, Chapter 3 , Volume 1 of Annex 16 to the Convention on International Civil Aviation, second edition (1988) (codified version)   (Text with EEA relevance)",V,,,32006L0093,2003,524,COM,2003,COD,207,,,,
2006,11,10,"Directive 2006/94/EC of the European Parliament and of the Council of 12 December 2006 on the establishment of common rules for certain types of carriage of goods by road (codified version)   (Text with EEA relevance)",V,,,32006L0094,2004,47,COM,2004,COD,17,,,,
2006,11,11,"Directive 2006/95/EC of the European Parliament and of the Council of 12 December 2006 on the harmonisation of the laws of Member States relating to electrical equipment designed for use within certain voltage limits (codified version)   (Text with EEA relevance)",V,,,32006L0095,2003,252,COM,2003,COD,94,,,,
2006,11,12,"Council Regulation (EC) No 1782/2006 of 20 November 2006 amending Regulations (EC) No 51/2006 and (EC) No 2270/2004, as regards fishing opportunities and associated conditions for certain fish stocks",V,,,32006R1782,2006,461,COM,NULL,CS,NULL,Y,,,"Two N°Celex on Pre-lex document since this is a splitted proposition (32006R1782 and 32006R1591). 32006R1782 is correct. ProposAnnee, ProposChrono and ProposOrigine are missing on Celex document"
2006,11,13,"Council Regulation (EC) No 1723/2006 of 20 November 2006 amending Regulation (EC) No 379/2004 as regards the increase of the volumes of tariff quotas for certain fishery products for the year 2006   (Text with EEA relevance)",V,,,32006R1723,2006,544,COM,NULL,CS,NULL,,,,"ProposAnnee, ProposChrono and ProposOrigine are missing on Celex document"
2006,11,14,"Council Directive 2006/117/Euratom of 20 November 2006 on the supervision and control of shipments of radioactive waste and spent fuel",V,,,32006L0117,2005,673,COM,2005,CNS,272,,,,"ProposAnnee, ProposChrono  in Celex document (2004/716) are wrong. 2004/716/COM refers to an act which was introduced by the Commission in 2004 but withdrawn by the Commission in 2010. 2005/673 as indicated on ŒIL and Pre-lex documents is correct"
2006,11,15,"2006/849/EC: Council Decision of 20 November 2006 amending and extending Decision 2001/923/EC establishing an exchange, assistance and training programme for the protection of the euro against counterfeiting (the Pericles programme)",V,,,32006D0849,2006,243-2,COM,2006,CNS,78,,,,"ProposChrono in ŒIL and Celex documents (243) is wrong. 243-2 as indicated on Pre-lex document is correct"
2006,11,16,"2006/850/EC: Council Decision of 20 November 2006 extending to the non-participating Member States the application of Decision 2006/849/EC amending and extending Decision 2001/923/EC establishing an exchange, assistance and training programme for the protection of the euro against counterfeiting (the Pericles programme)",U,,,32006D0850,2006,243-3,COM,2006,CNS,79,,,,"ProposChrono in ŒIL document is wrong (243). 243-3 as indicated on Pre-lex document is correct. ProposAnnee, ProposChrono , NoUNiqueAnnee, and NoUniqueChrono on Celex document are wrong (2005/127/COM; 2005/CNS/29). They refer to a previous act which was adopted by the COuncil in january 2006. 2006/CNS/79 is correct"
2006,11,17,"Council Regulation (EC) No 1791/2006 of 20 November 2006 adapting certain Regulations and Decisions in the fields of free movement of goods, freedom of movement of persons, company law, competition policy, agriculture (including veterinary and phytosanitary legislation), transport policy, taxation, statistics, energy, environment, cooperation in the fields of justice and home affairs, customs union, external relations, common foreign and security policy and institutions, by reason of the accession of Bulgaria and Romania",V,,,32006R1791,2006,524,COM,NULL,CS,NULL,,,,"ProposAnnee, ProposChrono and ProposOrigine are missing on Celex document"
2006,11,18,"Council Directive 2006/97/EC of 20 November 2006 adapting certain Directives in the field of free movement of goods, by reason of the accession of Bulgaria and Romania",V,,,32006L0097,2006,521,COM,NULL,CS,NULL,,,,"ProposAnnee, ProposChrono and ProposOrigine are missing on Celex document"
2006,11,19,"Council Directive 2006/96/EC of 20 November 2006 adapting certain Directives in the field of free movement of goods, by reason of the accession of Bulgaria and Romania",V,,,32006L0096,2006,520,COM,NULL,CS,NULL,,,,"ProposAnnee, ProposChrono and ProposOrigine are missing on Celex document"
2006,11,20,"Council Directive 2006/98/EC of 20 November 2006 adapting certain Directives in the field of taxation, by reason of the accession of Bulgaria and Romania",V,,,32006L0098,2006,522,COM,NULL,CS,NULL,,,,"ProposAnnee, ProposChrono and ProposOrigine are missing on Celex document"
2006,11,21,"Council Directive 2006/99/EC of 20 November 2006 adapting certain Directives in the field of company law, by reason of the accession of Bulgaria and Romania",V,,,32006L0099,2006,523,COM,NULL,CS,NULL,,,,"ProposAnnee, ProposChrono and ProposOrigine are missing on Celex document"
2006,11,22,"Council Directive 2006/100/EC of 20 November 2006 adapting certain Directives in the field of freedom of movement of persons, by reason of the accession of Bulgaria and Romania",V,,,32006L0100,2006,525,COM,NULL,CS,NULL,,,,"ProposAnnee, ProposChrono and ProposOrigine are missing on Celex document"
2006,11,23,"Council Directive 2006/101/EC of 20 November 2006 adapting Directives 73/239/EEC, 74/557/EEC and 2002/83/EC in the field of freedom to provide services, by reason of the accession of Bulgaria and Romania",V,,,32006L0101,2006,526,COM,NULL,CS,NULL,,,,"ProposAnnee, ProposChrono and ProposOrigine are missing on Celex document"
2006,11,24,"Council Directive 2006/102/EC of 20 November 2006 adapting Directive 67/548/EEC on the classification, packaging and labelling of dangerous substances, by reason of the accession of Bulgaria and Romania",V,,,32006L0102,2006,527,COM,NULL,CS,NULL,,,,"ProposAnnee, ProosChrono and ProposOrigine are missing on Celex document"
2006,11,25,"Council Directive 2006/103/EC of 20 November 2006 adapting certain Directives in the field of transport policy, by reason of the accession of Bulgaria and Romania",V,,,32006L0103,2006,528,COM,NULL,CS,NULL,,,,"ProposAnnee, ProposChrono and ProposOrigine are missing on Celex document"
2006,11,26,"Council Directive 2006/104/EC of 20 November 2006 adapting certain Directives in the field of agriculture (veterinary and phytosanitary legislation), by reason of the accession of Bulgaria and Romania",V,,,32006L0104,2006,529,COM,NULL,CS,NULL,,,,"ProposAnnee, ProposChrono and ProposOrigine are missing on Celex document"
2006,11,27,"Council Directive 2006/105/EC of 20 November 2006 adapting Directives 73/239/EEC, 74/557/EEC and 2002/83/EC in the field of environment, by reason of the accession of Bulgaria and Romania",V,,,32006L0105,2006,530,COM,NULL,CS,NULL,,,,"ProposAnnee, ProposChrono and ProposOrigine are missing on Celex document"
2006,11,28,"Council Directive 2006/106/EC of 20 November 2006 adapting Directive 94/80/EC laying down detailed arrangements for the exercise of the right to vote and to stand as a candidate in municipal elections by citizens of the Union residing in a Member State of which they are not nationals, by reason of the accession of Bulgaria and Romania",V,,,32006L0106,2006,531,COM,NULL,CS,NULL,,,,"ProposAnnee, ProposChrono and ProposOrigine are missing on Celex document"
2006,11,29,"Council Directive 2006/107/EC of 20 November 2006 adapting Directive 89/108/EEC relating to quick-frozen foodstuffs for human consumption and Directive 2000/13/EC of the European Parliament and of the Council relating to the labelling, presentation and advertising of foodstuffs, by reason of the accession of Bulgaria and Romania",V,,,32006L0107,2006,532,COM,NULL,CS,NULL,,,,"ProposAnnee, ProposChrono and ProposOrigine are missing on Celex document"
2006,11,30,"Council Directive 2006/108/EC of 20 November 2006 adapting Directives 90/377/EEC and 2001/77/EC in the field of energy, by reason of the accession of Bulgaria and Romania",V,,,32006L0108,2006,533,COM,NULL,CS,NULL,,,,"ProposAnnee, ProposChrono and ProposOrigine are missing on Celex document"
2006,11,31,"Council Directive 2006/109/EC of 20 November 2006 adapting Directive 94/45/EC on the establishment of a European Works Council or a procedure in Community-scale undertakings and Community-scale groups of undertakings for the purposes of informing and consulting employees, by reason of the accession of Bulgaria and Romania",V,,,32006L0109,2006,534,COM,NULL,CS,NULL,,,,"ProposAnnee, ProposChrono and ProposOrigine are missing on Celex document"
2006,11,32,"Council Directive 2006/110/EC of 20 November 2006 adapting Directives 95/57/EC and 2001/109/EC in the field of statistics, by reason of the accession of Bulgaria and Romania",V,,,32006L0110,2006,535,COM,NULL,CS,NULL,,,,"ProposAnnee, ProposChrono and ProposOrigine are missing on Celex document"
2006,11,33,"Council Directive 2006/112/EC of 28 November 2006 on the common system of value added tax",V,,,32006L0112,2004,246,COM,2004,CNS,79,,,,
2006,11,34,"Council Regulation (EC) No 1759/2006 of 28 November 2006 amending Regulation (EC) No 104/2000 on the common organisation of the markets in fishery and aquaculture products",V,,,32006R1759,2006,233,COM,2006,CNS,81,,,,
2006,11,35,"Directive 2006/113/EC of the European Parliament and of the Council of 12 December 2006 on the quality required of shellfish waters (codified version)",V,,,32006L0113,2006,205,COM,2006,COD,67,,,,
2006,11,36,"Directive 2006/114/EC of the European Parliament and of the Council of 12 December 2006 concerning misleading and comparative advertising (codified version)   (Text with EEA relevance)",V,,,32006L0114,2006,222,COM,2006,COD,70,,,,
2006,11,37,"Directive 2006/116/EC of the European Parliament and of the Council of 12 December 2006 on the term of protection of copyright and certain related rights (codified version)",V,,,32006L0116,2006,219,COM,2006,COD,71,,,,
2006,11,38,"Directive 2006/115/EC of the European Parliament and of the Council of 12 December 2006 on rental right and lending right and on certain rights related to copyright in the field of intellectual property (codified version)",V,,,32006L0115,2006,226,COM,2006,COD,73,,,,
2006,11,39,"Regulation (EC) No 1920/2006 of the European Parliament and of the Council of 12 December 2006 on the European Monitoring Centre for Drugs and Drug Addiction (recast)",V,,,32006R1920,2005,399,COM,2005,COD,166,,,,
2006,12,1,"Council Regulation (EC) No 1941/2006 of 11 December 2006 fixing the fishing opportunities and associated conditions for certain fish stocks and groups of fish stocks applicable in the Baltic Sea for 2007
",V,,PL,32006R1941,2006,485,COM,NULL,CS,NULL,,,,"ProposAnnee, ProposChrono and ProposOrigine are missing on Celex document"
2006,12,2,"Directive 2006/122/EC of the European Parliament and of the Council of 12 December 2006 amending for the 30th time Council Directive 76/769/EEC on the approximation of the laws, regulations and administrative provisions of the Member States relating to restrictions on the marketing and use of certain dangerous substances and preparations (perfluorooctane sulfonates)   (Text with EEA relevance)",V,,,32006L0122,2005,618,COM,2005,COD,244,,,,
2006,12,3,"Decision No 1855/2006/EC of the European Parliament and of the Council of 12 December 2006 establishing the Culture Programme (2007 to 2013)",U,PT,,32006D1855,2004,469,COM,2004,COD,150,,,,
2006,12,4,"Decision No 1904/2006/EC of the European Parliament and of the Council of 12 December 2006 establishing for the period 2007 to 2013 the programme Europe for Citizens to promote active European citizenship",U,PT,,32006D1904,2005,116,COM,2005,COD,41,,,,
2006,12,5,"Directive 2006/123/EC of the European Parliament and of the Council of 12 December 2006 on services in the internal market",V,"BE, LT",,32006L0123,2004,2,COM,2004,COD,1,,,,
2006,12,6,"Directive 2006/118/EC of the European Parliament and of the Council of 12 December 2006 on the protection of groundwater against pollution and deterioration",V,,,32006L0118,2003,550,COM,2003,COD,210,,,,
2006,12,7,"Regulation (EC) No 1896/2006 of the European Parliament and of the Council of 12 December 2006 creating a European order for payment procedure",V,,,32006R1896,2004,173,COM,2004,COD,55,,,,
2006,12,8,"Council Regulation (EC) No 1942/2006 of 12 December 2006 amending Regulation (EC) No 1321/2004 on the establishment of structures for the management of the European satellite radio-navigation programmes",V,,,32006R1942,2006,261,COM,2006,CNS,90,,,,
2006,12,9,"Council Regulation (EC) No 1943/2006 of 12 December 2006 amending Regulation (EC) No 876/2002 setting up the Galileo Joint Undertaking",V,,,32006R1943,2006,351,COM,2006,CNS,115,,,,
2006,12,10,"2006/970/Euratom: Council Decision of 18 December 2006 Concerning the Seventh Framework Programme of the European Atomic Energy Community (Euratom) for nuclear research and training activities (2007 to 2011)",U,,,32006D0970,2005,119-2,COM,2005,CNS,44,,,,"ProposChrono on ŒIL and Celex documents is wrong (119). 119-2 as indicated on Pre-lex document is correct"
2006,12,11,"Council Framework Decision 2006/960/JHA of 18 December 2006 on simplifying the exchange of information and intelligence between law enforcement authorities of the Member States of the European Union",U,,,32006F0960,2004,9,JAI,2004,CNS,812,,,,"N°Celex on the top-right of Pre-lex document is missing. See on the bottom. ProposAnnee, ProposChrono, ProposOrigine, NoUniqueAnnee, NoUniqueType and NoUniqueChrono are missing on Celex document"
2006,12,12,"Regulation (EC) No 1891/2006 of the European Parliament and of the Council of 18 December 2006 on multiannual funding for the action of the European Maritime Safety Agency in the field of response to pollution caused by ships and amending Regulation (EC) No 1406/2002 (Text with EEA relevance)",V,,DE,32006R2038,2005,210,COM,2005,COD,98,,,,"N°Celex on Pre-lex document is wrong. 32006R1891 refers to an other act.The right N°Celex is 32006R2038 as indicated on celex document. "
2006,12,13,"Regulation (EC) No 1992/2006 of the European Parliament and of the Council of 18 December 2006 amending Council Regulation (EEC) No 1408/71 on the application of social security schemes to employed persons, to self-employed persons and to members of their families moving within the Community Text with EEA relevance",V,,,32006R1992,2005,676,COM,2005,COD,258,,,,
2006,12,14,"2006/137/EC Directive of the European Parliament and of the Council of 18 December 2006 amending Directive 2006/87/EC laying down technical requirements for inland waterway vessels",V,,,32006L0137,2006,646,COM,2006,COD,210,,,,
2006,12,15,"Regulation (EC) No 1906/2006 of the European Parliament and of the Council of 18 December 2006 laying down the rules for the participation of undertakings, research centres and universities in actions under the Seventh Framework Programme and for the dissemination of research results (2007-2013)   (Text with EEA relevance)",V,,,32006R1906,2005,705,COM,2005,COD,277,,,,
2006,12,16,"Decision No 1982/2006/EC of the European Parliament and of the Council of 18 December 2006 concerning the Seventh Framework Programme of the European Community for research, technological development and demonstration activities (2007-2013)",V,,"LT, MT, AT, PL, SK
 ",32006D1982,2005,119-1,COM,2005,COD,43,,,,"ProopsChrono on ŒIL and Celex documents is wrong (119). 119-1 as indicated on Pre-lex document is correct"
2006,12,17,"Regulation (EC) No 1907/2006 of the European Parliament and of the Council of 18 December 2006 concerning the Registration, Evaluation, Authorisation and Restriction of Chemicals (REACH), establishing a European Chemicals Agency, amending Directive 1999/45/EC and repealing Council Regulation (EEC) No 793/93 and Commission Regulation (EC) No 1488/94 as well as Council Directive 76/769/EEC and Commission Directives 91/155/EEC, 93/67/EEC, 93/105/EC and 2000/21/EC",V,,,32006R1907,2003,644-1,COM,2003,COD,256,,,,"ProposChrono in ŒIL and Celex documents (644) is wrong. 644-1 as indicated on Pre-lex document is correct"
2006,12,18,"Proposal for a Council Decision concerning the provisional prohibition of the use and sale in Austria of genetically modified maize (Zea mays L. line MON 810) pursuant to Directive 2001/18/EC of the European Parliament and of the Council (Only the German text is authentic)",V,,,"52006PC0509 ",2006,509,COM,NULL,CS,NULL,,,,"NoCelex on the top-right of Pre-lex document is missing. See on the bottom. ProposAnnee, ProposChrono and ProposOrigine on Celex document is missing"
2006,12,19,"Proposal for a Council Decision concerning the provisional prohibition of the use and sale in Austria of genetically modified maize (Zea mays L. line T25) pursuant to Directive 2001/18/EC of the European Parliament and of the Council (Only the German text is authentic)",V,,"CZ, NL, SE, UK
","52006PC0510 ",2006,510,COM,NULL,CS,NULL,,,,"NoCelex on the top-right of Pre-lex document is missing. See on the bottom. ProposAnnee, ProposChrono and ProposOrigine on Celex document are missing"
2006,12,20,"Council Regulation (EC) No 2011/2006 of 19 December 2006 adapting Regulation (EC) No 1782/2003 establishing common rules for direct support schemes under the common agricultural policy and establishing certain support schemes for farmers, Regulation (EC) No 318/2006 on the common organisation of the markets in the sugar sector and Regulation (EC) No 320/2006 establishing a temporary scheme for the restructuring of the sugar industry in the Community, by reason of the accession of Bulgaria and Romania to the European Union",V,,,32006R2011,2006,677,COM,2006,CNS,226,,,,
2006,12,21,"Council Regulation (EC) No 2012/2006 of 19 December 2006 amending and correcting Regulation (EC) No 1782/2003 establishing common rules for direct support schemes under the common agricultural policy and establishing certain support schemes for farmers and amending Regulation (EC) No 1698/2005 on support for rural development by the European Agricultural Fund for Rural Development (EAFRD)",V,,,32006R2012,2006,500-2,COM,2006,CNS,172,,,,"ProposChrono on ŒIL and Celex documents (500) is wrong. 500-2 as indicated on Pre-lex document is correct"
2006,12,22,"Council Regulation (EC) No 2013/2006 of 19 December 2006 amending Regulations (EEC) No 404/93, (EC) No 1782/2003 and (EC) No 247/2006 as regards the banana sector",V,"CY, NL","LT, SE, UK",32006R2013,2006,489,COM,2006,CNS,173,,,,
2006,12,23,"Council Regulation (EC) No 1991/2006 of 21 December 2006 amending Regulation (EEC) No 2092/91 on organic production of agricultural products and indications referring thereto on agricultural products and foodstuffs",V,,,32006R1991,2005,671-2,COM,2005,CNS,279,,,,"ProposChrono on ŒIL and Celex documents is wrong (671). 671-2 as indicated on Pre-lex document is correct"
2006,12,24,"Council Regulation (EC) No 1944/2006 of 19 December 2006 amending Regulation (EC) No 1698/2005 on support for rural development by the European Agricultural Fund for Rural Development (EAFRD)",V,,,32006R1944,2006,237,COM,2006,CNS,82,,,,
2006,12,25,"Council Regulation (EC) No 1463/2006 of 19 June 2006 adapting Regulation (EC) No 1698/2005 on support for rural development by the European Agricultural Fund for Rural Development (EAFRD) by reason of the accession of Bulgaria and Romania to the European Union",V,,,32006R1463R(01),2006,15890,CONS,NULL,CS,NULL,,,http://register.consilium.europa.eu/pdf/en/06/st15/st15890.en06.pdf,
2006,12,26,"2006/965/EC: Council Decision of 19 December 2006 amending Decision 90/424/EEC on expenditure in the veterinary field",V,,,32006D0965,2006,273,COM,2006,CNS,98,,,,"ProposChrono on Celex document is wrong (25006). 2006 is correct"
2006,12,27,"Council Regulation (EC) No 1969/2006 of 19 December 2006 fixing for the 2007 fishing year the guide prices and Community producer prices for certain fishery products pursuant to Regulation (EC) No 104/2000",V,,,32006R1969,2006,703,COM,NULL,CS,NULL,,,,"ProposAnnee, ProposChrono and ProposOrigine are missing on Celex document"
2006,12,28,"Council Directive 2006/138/EC of 19 December 2006 amending Directive 2006/112/EC on the common system of value added tax as regards the period of application of the value added tax arrangements applicable to radio and television broadcasting services and certain electronically supplied services",V,,,32006L0138,2006,739,COM,2006,CNS,245,,,,"ProposAnnee, ProposChrono, ProposOrigine, NoUniqueAnnee, NoUniqueType and NoUniqueChrono are missing on Celex document"
2006,12,29,"Council Regulation (EC) No 1930/2006 of 20 December 2006 amending Annex I to Regulation (EEC) No 2658/87 on the tariff and statistical nomenclature and on the Common Customs Tariff",V,,,32006R1930,2006,696,COM,NULL,CS,NULL,,,,"ProposAnnee, ProposChrono and ProposOrigine are missing on Celex document"
2006,12,30,"Council Regulation (EC) No 2014/2006 of 19 December 2006 amending Regulation (EC) No 2505/96 opening and providing for the administration of autonomous Community tariff quotas for certain agricultural and industrial products",V,,,32006R2014,2006,771,COM,NULL,CS,NULL,,,,"ProposAnnee, ProposChrono and ProposOrigine are missing on Celex document"
2006,12,31,"Council Regulation (EC) No 1897/2006 of 19 December 2006 amending Regulation (EC) No 1255/96 temporarily suspending the autonomous common customs tariff duties on certain industrial, agricultural and fishery products",V,,,32006R1897,2006,750,COM,NULL,CS,NULL,,,,"ProposAnnee, ProposChrono and ProposOrigine are missing on Celex document"
2006,12,32,"Council Regulation (EC) No 2015/2006 of 19 December 2006 fixing for 2007 and 2008 the fishing opportunities for Community fishing vessels for certain deep-sea fish stocks",V,,,32006R2015,2006,554,COM,NULL,CS,NULL,,,,"ProposAnnee, ProposChrono and ProposOrigine are missing on Celex document"
2006,12,33,"Council Regulation (Euratom) No 1908/2006 of 19 December 2006 laying down the rules for the participation of undertakings, research centres and universities in action under the Seventh Framework Programme of the European Atomic Energy Community and for the dissemination of research results (2007 to 2011)",U,,,32006R1908,2006,42,COM,2006,CNS,14,,,,
2006,12,34,"2006/971/EC: Council Decision of 19 December 2006 concerning the Specific Programme Cooperation implementing the Seventh Framework Programme of the European Community for research, technological development and demonstration activities (2007 to 2013) (Text with EEA relevance).",V,,"LT, MT, AT, PL, SK
",32006D0971,2005,440,COM,2005,CNS,185,,,,
2006,12,35,"2006/972/EC: Council Decision of 19 December 2006 concerning the specific programme: Ideas implementing the Seventh Framework Programme of the European Community for research, technological development and demonstration activities (2007 to 2013) (Text with EEA relevance).",V,,"LT, MT, AT, PL, SK",32006D0972,2005,441,COM,2005,CNS,186,,,,
2006,12,36,"2006/973/EC: Council Decision of 19 December 2006 concerning the specific programme People implementing the Seventh Framework Programme of the European Community for research, technological development and demonstration activities (2007 to 2013) Text with EEA relevance.",V,,"LT, MT, AT, PL, SK",32006D0973,2005,442,COM,2005,CNS,187,,,,
2006,12,37,"2006/974/EC: Council Decision of 19 December 2006 on the Specific Programme: Capacities implementing the Seventh Framework Programme of the European Community for research, technological development and demonstration activities (2007 to 2013) (Text with EEA relevance)",V,,"LT, MT, AT, PL, SK",32006D0974,2005,443,COM,2005,CNS,188,,,,
2006,12,38,"2006/975/EC: Council Decision of 19 December 2006 concerning the Specific Programme to be carried out by means of direct actions by the Joint Research Centre under the Seventh Framework Programme of the European Community for research, technological development and demonstration activities (2007 to 2013)",V,,"LT, MT, AT, PL, SK",32006D0975,2005,439,COM,2005,CNS,184,,,,
2006,12,39,"2006/976/Euratom: Council Decision of 19 December 2006 concerning the Specific Programme implementing the Seventh Framework Programme of the European Atomic Energy Community (Euratom) for nuclear research and training activities (2007 to 2011)",U,,,32006D0976,2005,445,COM,2005,CNS,190,,,,
2006,12,40,"2006/977/Euratom: Council Decision of 19 December 2006 concerning the Specific Programme to be carried out by means of direct actions by the Joint Research Centre implementing the Seventh Framework Programme of the European Atomic Energy Community (Euratom) for nuclear research and training activities (2007 to 2011)",U,,,32006D0977,2005,444,COM,2005,CNS,189,,,,
2006,12,41,"Regulation (EC) No 1927/2006 of the European Parliament and of the Council of 20 December 2006 on establishing the European Globalisation Adjustment Fund",V,,,32006R1927,2006,91,COM,2006,COD,33,,,,
2006,12,42,"Regulation (EC) No 1889/2006 of the European Parliament and of the Council of 20 December 2006 on establishing a financing instrument for the promotion of democracy and human rights worldwide",V,,,32006R1889,2006,354,COM,2006,COD,116,,,,
2006,12,43,"Regulation (EC) No 1902/2006 of the European Parliament and of the Council of 20 December 2006 amending Regulation 1901/2006 on medicinal products for paediatric use   (Text with EEA relevance)",V,,,32006R1902,2006,640,COM,2006,COD,207,,,,
2006,12,44,"Regulation (EC) No 1922/2006 of the European Parliament and of the Council of 20 December 2006 on establishing a European Institute for Gender Equality",V,,,32006R1922,2005,81,COM,2005,COD,17,,,,
2006,12,45,"Directive 2006/126/EC of the European Parliament and of the Council of 20 December 2006 on driving licences (Recast)   (Text with EEA relevance)",V,,,32006L0126,2003,621,COM,2003,COD,252,,,,
2006,12,46,"Regulation (EC) No 1890/2006 of the European Parliament and of the Council of 20 December 2006 on amending Council Regulation (EEC) No 571/88 on the organisation of Community surveys on the structure of agricultural holdings, as regards the financial framework for the period 2007-2009 and the maximum Community contribution for Bulgaria and Romania",V,DE,,32006R1890,2006,344,COM,2006,COD,112,,,,
2006,12,47,"Regulation (EC) No 1986/2006 of the European Parliament and of the Council of 20 December 2006 regarding access to the Second Generation Schengen Information System (SIS II) by the services in the Member States responsible for issuing vehicle registration certificates",V,,,32006R1986,2005,237,COM,2005,COD,104,,,,"NoUniqueType on Celex document is wrong (10). 104 as indicated on Pre-lex and ŒIL documents is correct"
2006,12,48,"Regulation (EC) No 1987/2006 of the European Parliament and of the Council of 20 December 2006 on the establishment, operation and use of the second generation Schengen Information System (SIS II)",V,,,32006R1987,2005,236,COM,2005,COD,106,,,,
2006,12,49,"Regulation (EC) No 1893/2006 of the European Parliament and of the Council of 20 December 2006 establishing the statistical classification of economic activities NACE Revision 2 and amending Council Regulation (EEC) No 3037/90 as well as certain EC Regulations on specific statistical domains Text with EEA relevance",V,,,32006R1893,2006,39,COM,2006,COD,11,,,,
2006,12,50,"Regulation (EC) No 1900/2006 of the European Parliament and of the Council of 20 December 2006 amending Council Regulation (EEC) No 3922/91 on the harmonisation of technical requirements and administrative procedures in the field of civil aviation",V,,,32006R1900,2006,645,COM,2006,COD,209,,,,
2006,12,51,"Council Regulation (EC) No 1967/2006 of 21 December 2006 concerning management measures for the sustainable exploitation of fishery resources in the Mediterranean Sea, amending Regulation (EEC) No 2847/93 and repealing Regulation (EC) No 1626/94",V,FR,,32006R1967,2003,589,COM,2003,CNS,229,Y,,,"Two N°Celex on Pre-lex document since this is a splitted proposal (32006R1967 and 32004R0813). 32006R1967 is correct as indicated on Celex document"
2006,12,52,"Council Regulation (EC) No 1966/2006 of 21 December 2006 on electronic recording and reporting of fishing activities and on means of remote sensing",V,,,32006R1966,2004,724,COM,2004,CNS,252,,,,
2006,12,53,"Council Regulation (EC) No 1932/2006 of 21 December 2006 amending Regulation (EC) No 539/2001 listing the third countries whose nationals must be in possession of visas when crossing the external borders and those whose nationals are exempt from that requirement",V,,,32006R1932,2006,84,COM,2006,CNS,22,,,,
2006,12,54,"Council Regulation (EC) No 1988/2006 of 21 December 2006 amending Regulation (EC) No 2424/2001 on the development of the second generation Schengen Information System (SIS II)",V,,,32006R1988,2006,383-1,COM,2006,CNS,125,,,,"ProposChrono in ŒIL document (383) is wrong. 383-1 as indicated on Pre-lex document is correct. ProposAnnee, ProposChrono and ProposOrigina are missing on Celex document"
2006,12,55,"Council Decision 2006/1007/JHA of 21 December 2006 amending Decision 2001/886/JHA on the development of the second generation Schengen Information System (SIS II)",U,,,32006D1007,2006,383-2,COM,2006,CNS,126,,,,"ProposChrono in ŒIL and Celex documents is wrong (383). 383-2 as indicated on Pre-lex document is correct"
2006,12,56,"Council Regulation (EC) No 41/2006 of 21 December 2006 fixing for 2007 the fishing opportunities and associated conditions for certain fish stocks and groups of fish stocks, applicable in Community waters and, for Community vessels, in waters where catch limitations are required",V,,,32007R0041,2006,774,COM,NULL,CS,NULL,,,,"ProposAnnee, ProposChrono, PoposOrigine, NoUniqueAnnee, NoUniqueType and NoUniqueChrono are missing on Celex document"
2006,12,57,"Regulation (EC) No 1905/2006 of the European Parliament and of the
Council of 18 December 2006 establishing a financing instrument for
development cooperation",V,,,32006R1905,2004,629,COM,2004,COD,220,Y,Y,,"This act comes from the ADD summary.  ŒIL PATH on Pre-lex document is missing. Two N°Celex on Pre-lex document since this is a splitted proposal (32006R1905 and 32006R1934). 32006R1905 is correct "
2006,12,58,"Directive 2006/121/EC of the European Parliament and of the Council
of 18 December 2006 amending Council Directive 67/548/EEC on the
approximation of laws, regulations and administrative provisions
relating to the classification, packaging and labelling of dangerous
substances in order to adapt it to Regulation (EC) No 1907/2006
concerning the Registration, Evaluation, Authorisation and Restriction
of Chemicals (REACH) and establishing a European Chemicals Agency",V,,,32006L0121,2003,644-2,COM,2003,COD,257,,Y,,"This act comes from the ADD summary. ProposChrono in ŒIL and Celex documents is wrong (644). 644-2 as indicated on Pre-lex document is correct"
2006,12,59,"Decision No 1926/2006/EC of the European Parliament and of the
Council of 18 December 2006 establishing a programme of Community
action in the field of consumer policy (2007-2013) (Text with EEA
relevance)",V,,,32006D1926,2005,115-2,COM,2005,COD,42B,Y,Y,,"This act comes from the ADD summary. N°UniqueChrono on Pre-lex and Celes document (42) is wrong. 42B as indicated on ŒIL document is correct. ŒIL PATH on Pre-lex document does not work.Two N°Celex on Pre-lex document since this is a splitted proposal (32006D1926 and 32007D1350). 32006D1926 is correct. ProposChrono on Celex and OEIL documents is wrong (115). 115-2 as indicated on Pre-lex document is correct"
2006,12,60,"Regulation (EC) No 1923/2006 of the European Parliament and of the
Council of 18 December 2006 amending Regulation (EC) No 999/2001
laying down rules for the prevention, control and eradication of certain
transmissible spongiform encephalopathies (Text with EEA relevance)",V,,,32006R1923,2004,775,COM,2004,COD,270B,Y,Y,,"This act comes from the ADD summary. NoUniqueChrono on Pre-lex and Celex documents  is wrong (270). 270B as indicated on ŒIL document is correct. OEIL PATH on Pre-lex document is wrong. It refers to another act which extends the period for transitional measures. Two N°Celex on Pre-lex document since this is a splitted proposal (32006R1923 and 32005R0932). 32006R1923 is correct"
2006,12,61,"Decision No 1983/2006/EC of the European Parliament and of the
Council of 18 December 2006 concerning the European Year of
Intercultural Dialogue (2008)",V,,,32006D1983,2005,467,COM,2005,COD,203,,Y,,"This act comes from the ADD summary. "
2006,12,62,"Regulation (EC) No 1921/2006 of the European Parliament and of the
Council of 18 December 2006 on the submission of statistical data on
landings of fishery products in Member States and repealing Council
Regulation (EEC) No 1382/91 (Text with EEA relevance)",V,,,32006R1921,2005,566,COM,2005,COD,223,,Y,,"This act comes from the ADD summary"
,,,,,,,,,,,,,,,,,
,,,,,,,,,,,,,,,,,
,,,,,,,,,,,,,,,,,
,,,,,,,,,,,,,,,,,
,,,,,,,,,,,,,,,,,
,,,"NB: les liens ŒIL ne marchent pas. Certains Liens pre-lex renvoient à la page en anglais, d'autres en français",,,,,,,,,,,,,,
